id, have, include, title, author, genre, subgenre, source, description, tags
1,  true,  true,  The Sisters Avramapul, Victoria Goddard, Fantasy, Epic Fantasy, StoryBundle, An omnibus following two sisters navigating magic, family, and empire., ["🏔️ Epic scope","🦋 Character growth","💕 The feels","👩 Women centered","🛋️ Take your time — 500+ pages","📜 Fake past"] },
   2,  true,  true,  The Stolen Apocalypse, Jacquelyn Benson, Fantasy, Urban Fantasy, StoryBundle, A woman races to prevent a stolen prophecy from triggering the end of the world., ["💃 Unputdownable","🌒 Dark themes","🔥 Ka-ra-te","👩 Women centered","🌙 A few evenings — 300–500 pages","🌎 Contemporary real world"] },
   3,  true,  true,  Dragon Steel, Jodi Kendrick, Fantasy, Epic Fantasy, StoryBundle, An older protagonist must wield dragon magic to prevent catastrophe., ["🏔️ Epic scope","🦋 Character growth","🔥 Ka-ra-te","👴 Older protagonist","🌙 A few evenings — 300–500 pages","📜 Fake past"] },
   4,  true,  true,  Helix: Sedition, Pat Flewwelling, Sci-Fi, Space Opera, StoryBundle, A rebellion unfolds aboard a massive space station where resistance is sedition., ["🏔️ Epic scope","🔥 Ka-ra-te","⚔️ Military industrial complex ahead","💃 Unputdownable","🚀 Space","🌙 A few evenings — 300–500 pages"] },
   5,  true,  true,  Hunting a Sea-Glass Heart, Carolyn Charron, Fantasy, Romantic Fantasy, StoryBundle, A cozy romantic fantasy about magic, sea glass, and second chances., ["🧣 Warm fuzzies","🌹 Swoon","🗺️ Armchair travel","👩 Women centered","☕ One sitting — 200–300 pages","📜 Fake past"] },
   6,  true,  true,  Becoming Crone, Lydia M. Hawke, Fantasy, Paranormal, StoryBundle, A woman in her later years discovers she is coming into her real power as a witch., ["🦋 Character growth","😈 Chaos reigns","👴 Older protagonist","👩 Women centered","🌙 A few evenings — 300–500 pages","🌎 Contemporary real world"] },
   7,  true,  true,  Lost and Found, Jane Clark, Fantasy, Cozy Fantasy, StoryBundle, A warm cozy fantasy about a magical lost-and-found shop and the people it draws in., ["🧣 Warm fuzzies","💕 The feels","☕ One sitting — 200–300 pages","🌎 Contemporary real world"] },
   8,  true,  true,  The Demons We See, Kristi Boulware, Fantasy, Dark Fantasy, StoryBundle, A woman confronts demons — literal and metaphorical — to reclaim her world., ["🌒 Dark themes","🔥 Ka-ra-te","🧠🔥 So much mental health","🦋 Character growth","👩 Women centered","🌙 A few evenings — 300–500 pages","📜 Fake past"] },
   9,  true,  true,  Grayshade, Gregory B. Wilson, Fantasy, Grimdark, StoryBundle, A reluctant assassin questions loyalty and morality in a city of shadows., ["🌒 Dark themes","🔥 Ka-ra-te","💃 Unputdownable","🦋 Character growth","🌙 A few evenings — 300–500 pages","📜 Fake past"] },
   10,  true,  true,  Oath Breaker, Marc Edelheit, Fantasy, Epic Fantasy, StoryBundle, A soldier breaks his vows and must rebuild his honor through trial and war., ["🔥 Ka-ra-te","⚔️ Military industrial complex ahead","🦋 Character growth","🏔️ Epic scope","👨 Men being men","🌙 A few evenings — 300–500 pages","📜 Fake past"] },
   11,  true,  true,  The Passion of Ivan Rodriguez, Hayden Trenholm, Sci-Fi, Literary Sci-Fi, StoryBundle, A quiet, character-driven story about an aging man searching for meaning in a changed world., ["💕 The feels","🦋 Character growth","💡 Big ideas","👴 Older protagonist","☕ One sitting — 200–300 pages","🤖 Near future"] },
   12,  true,  true,  Catalyst, Various, Sci-Fi, Anthology, StoryBundle, A sci-fi anthology exploring change, transformation, and unlikely heroes., ["🦋 Character growth","💡 Big ideas","⚡ Quick read — novella / short fiction / under 200 pages","🤖 Near future"] },
   13,  true,  true,  Blood Spells, Alicia Ellis, Fantasy, Urban Fantasy, StoryBundle, A Black woman navigates blood magic and survival in a city that wants her gone., ["🔥 Ka-ra-te","🌒 Dark themes","💃 Unputdownable","🌍 Colonialism ahoy","👑 Black woman centered","🌙 A few evenings — 300–500 pages","🌎 Contemporary real world"] },
   14,  true,  true,  Return to Hoodoo, Reggi Dupree, Fantasy, Southern Gothic, StoryBundle, A woman returns to her roots and the ancestral Hoodoo magic she once fled., ["🌒 Dark themes","🦋 Character growth","🗺️ Armchair travel","👑 Black woman centered","🌙 A few evenings — 300–500 pages","🌎 Contemporary real world"] },
   15,  true,  true,  Between Two Seas, Ayesha Harruna Attah, Literary Fiction, Magical Realism, StoryBundle, A lyrical story of two women across generations connected by sea, spirit, and memory., ["💕 The feels","🦋 Character growth","🗺️ Armchair travel","🌍 Colonialism ahoy","👑 Black woman centered","🛋️ Take your time — 500+ pages","🏛️ Real past"] },
   16,  true,  true,  Revitalized, Jessica Cage, Fantasy, Paranormal Romance, StoryBundle, A vampire story centered on a Black woman reclaiming power, desire, and identity., ["👙 Sexy times","🔥 Ka-ra-te","🌹 Swoon","🦋 Character growth","👑 Black woman centered","🌙 A few evenings — 300–500 pages","🌎 Contemporary real world"] },
   17,  true,  true,  Shadow's Debt, Dani, Fantasy, Dragon Fantasy / Romance, StoryBundle, A woman is bound by debt to a dragon lord in a world of power and dangerous attraction., ["👙 Sexy times","🌹 Swoon","💃 Unputdownable","👑 Black woman centered","🌙 A few evenings — 300–500 pages","📜 Fake past"] },
   18,  true,  true,  Trials of the Black Throne, T.M. Catey, Fantasy, Epic Fantasy, StoryBundle, A Black woman rises through deadly trials to claim the throne that was always hers., ["🔥 Ka-ra-te","🏔️ Epic scope","💃 Unputdownable","😈 Chaos reigns","👑 Black woman centered","🌙 A few evenings — 300–500 pages","📜 Fake past"] },
   19,  true,  true,  Fury Rising, K.I.S., Fantasy, Paranormal / Urban Fantasy, StoryBundle, A demon-hunting woman is on the edge of losing control of her own power., ["🔥 Ka-ra-te","🌒 Dark themes","🧠🔥 So much mental health","💃 Unputdownable","👑 Black woman centered","🌙 A few evenings — 300–500 pages","🌎 Contemporary real world"] },
   20,  true,  true,  Alice and the Voodoo Queen, K.R.S. McEntire, Fantasy, Urban Fantasy / Voodoo, StoryBundle, Alice falls into a New Orleans underworld ruled by a powerful Voodoo Queen., ["🌒 Dark themes","🗺️ Armchair travel","💃 Unputdownable","👑 Black woman centered","🌙 A few evenings — 300–500 pages","🌎 Contemporary real world"] },
   21,  true,  true,  Prophecy Trilogy: New Moon, Liz Bullard, Fantasy, Paranormal, StoryBundle, Book one of a trilogy — a young woman discovers she's at the center of an ancient prophecy., ["🏔️ Epic scope","💃 Unputdownable","🦋 Character growth","👑 Black woman centered","🌙 A few evenings — 300–500 pages","🌎 Contemporary real world"] },
   22,  true,  true,  Train Bound to Forty, Stephanie A. Cain, Fantasy, Magical Realism, StoryBundle, A woman boards a mysterious train and confronts the life she's been running from., ["💕 The feels","🦋 Character growth","🧠🔥 So much mental health","👑 Black woman centered","☕ One sitting — 200–300 pages","🌎 Contemporary real world"] },
   23,  true,  true,  Commanded by Night, Zeld, Fantasy, Paranormal Romance, StoryBundle, A passionate paranormal romance between a woman and a creature of the night., ["👙 Sexy times","🌹 Swoon","🌒 Dark themes","👑 Black woman centered","🌙 A few evenings — 300–500 pages","🌎 Contemporary real world"] },
   24,  true,  true,  Deathly Touch, Various, Fantasy, Paranormal, StoryBundle, A woman whose touch brings death must navigate love, power, and consequence., ["🌒 Dark themes","💀 Death / grief / loss","🌹 Swoon","🦋 Character growth","👑 Black woman centered","🌙 A few evenings — 300–500 pages","🌎 Contemporary real world"] },
   25,  true,  true,  Home World: The Triple Stars Vol. 0, Simon Kewin, Sci-Fi, Space Opera, StoryBundle, A prequel novella — humanity's reach into deep space begins here., ["🏔️ Epic scope","🗺️ Armchair travel","⚡ Quick read — novella / short fiction / under 200 pages","🚀 Space"] },
   26,  true,  true,  The Tau Ceti Transmutation, Alex P. Berg, Mystery, Sci-Fi Mystery / Neo-Noir, StoryBundle, A hardboiled detective story set in a future where the line between human and machine blurs., ["🔍 Whodunit brain","🗺️ Armchair travel","💡 Big ideas","☕ One sitting — 200–300 pages","🤖 Near future"] },
   27,  true,  true,  Blades of Magic: Crown Service #1, Terah Edun, Fantasy, Epic Fantasy, StoryBundle, A young woman joins an elite magical guard and discovers the empire has dangerous secrets., ["🔥 Ka-ra-te","🏔️ Epic scope","💃 Unputdownable","🌍 Colonialism ahoy","✊ Black centered","🌙 A few evenings — 300–500 pages","📜 Fake past"] },
   28,  true,  true,  Faery Chronicles Book 1: Faery Novice, Leslie Claire Walker, Fantasy, Faerie / Urban Fantasy, StoryBundle, A newcomer to the faery world must navigate politics, magic, and identity to survive., ["🏔️ Epic scope","🦋 Character growth","💃 Unputdownable","🌙 A few evenings — 300–500 pages","🌎🪞 Parallel world"] },
   29,  true,  true,  Of Cinder and Bone, Kyoko M., Sci-Fi, Sci-Fi / Dragons, StoryBundle, Scientists resurrect dragons using ancient DNA — then the dragons escape., ["💃 Unputdownable","🔥 Ka-ra-te","💡 Big ideas","🧑‍🔬 Scientist centered","🌙 A few evenings — 300–500 pages","🤖 Near future"] },
   30,  true,  true,  Maids of Misfortune, M. Louisa Locke, Mystery, Historical Mystery, StoryBundle, A Victorian-era San Francisco mystery featuring a sharp-witted woman sleuth., ["🔍 Whodunit brain","🗺️ Armchair travel","😈 Chaos reigns","👩 Women centered","☕ One sitting — 200–300 pages","🏛️ Real past"] },
   31,  true,  true,  Lightspeed Magazine Issue 47, Various, Sci-Fi, Short Fiction / Magazine, StoryBundle, A themed issue exploring disasters, survival, and the human will to endure., ["🌪️ Disaster themes","💡 Big ideas","⚡ Quick read — novella / short fiction / under 200 pages","🤖 Near future"] },
   32,  true,  true,  Dragonlands Book 1: Hidden, Megg Jensen, Fantasy, Epic Fantasy, StoryBundle, A village girl discovers her entire world is a lie — and dragons are involved in the truth., ["🏔️ Epic scope","💃 Unputdownable","🦋 Character growth","👩 Women centered","🌙 A few evenings — 300–500 pages","📜 Fake past"] },
   33,  true,  true,  Near + Far, Cat Rambo, Sci-Fi, Short Fiction, StoryBundle, Two linked story collections exploring the near and far future, by a Nebula Award winner., ["💡 Big ideas","🦋 Character growth","⚡ Quick read — novella / short fiction / under 200 pages","🤖 Near future"] },
   34,  true,  true,  Crossfire, Nancy Kress, Sci-Fi, First Contact, StoryBundle, Colonists on a new planet discover they are not alone — and the aliens have their own agenda., ["💃 Unputdownable","💡 Big ideas","🏔️ Epic scope","👽 Alien / nonhuman POV","🛋️ Take your time — 500+ pages","☄️ Extragalactic"] },
   35,  true,  true,  Memory, Linda Nagata, Sci-Fi, Hard Sci-Fi, StoryBundle, On a far-future world shaped by nanotechnology, a woman searches for lost memories., ["💡 Big ideas","💕 The feels","🗺️ Armchair travel","👩 Women centered","🛋️ Take your time — 500+ pages","🌌 Far future"] },
   36,  true,  true,  The Phoenix Code, Catherine Asaro, Sci-Fi, AI / Romance, StoryBundle, A scientist developing an android must confront what it means to be human — and to love., ["💡 Big ideas","🌹 Swoon","👙 Sexy times","🦋 Character growth","🧿🫀 AI / android centered","🧑‍🔬 Scientist centered","🌙 A few evenings — 300–500 pages","🤖 Near future"] },
   37,  true,  true,  Recovering Apollo 8, Kristine Kathryn Rusch, Sci-Fi, Alternate History, StoryBundle, What if Apollo 8 never came home? A novella exploring grief, space history, and what-ifs., ["💕 The feels","💀 Death / grief / loss","💡 Big ideas","⚡ Quick read — novella / short fiction / under 200 pages","🌎🪞 Parallel world"] },
   38,  true,  true,  The Diving Bundle, Kristine Kathryn Rusch, Sci-Fi, Space Adventure, StoryBundle, Six novels following Boss, a deep-space wreck diver uncovering ancient and dangerous technology., ["🏔️ Epic scope","💃 Unputdownable","🔥 Ka-ra-te","👩 Women centered","🗻 Commitment — series / multi-volume","🚀 Space"] },
   39,  true,  true,  Stars: The Anthology, Various, Sci-Fi, Anthology, StoryBundle, Stories inspired by songs — science fiction meets music., ["💡 Big ideas","💕 The feels","⚡ Quick read — novella / short fiction / under 200 pages"] },
   40,  true,  true,  Strong Arm Tactics, Jody Lynn Nye, Sci-Fi, Military Sci-Fi / Humor, StoryBundle, A comedic military sci-fi following a unit of misfits who somehow keep saving the day., ["😂 Laughter ahead","⚔️ Military industrial complex ahead","🔥 Ka-ra-te","☕ One sitting — 200–300 pages","🚀 Space"] },
   41,  true,  true,  Forgotten Suns, Judith Tarr, Sci-Fi, Space Opera, StoryBundle, An archaeologist on a distant world uncovers a civilization that was deliberately erased., ["🏔️ Epic scope","🗺️ Armchair travel","🧠 Learning afoot","🌍 Colonialism ahoy","🛋️ Take your time — 500+ pages","☄️ Extragalactic"] },
   42,  true,  true,  Starfarers, Vonda N. McIntyre, Sci-Fi, Space Opera, StoryBundle, Book one of the Starfarers Quartet — a crew prepares for humanity's first interstellar voyage., ["🏔️ Epic scope","💡 Big ideas","🦋 Character growth","🗻 Commitment — series / multi-volume","🚀 Space"] },
   43,  true,  true,  Women Destroy Science Fiction Sampler, Various, Sci-Fi, Anthology, StoryBundle, A special Lightspeed issue dedicated entirely to science fiction by women., ["💡 Big ideas","👩 Women centered","⚡ Quick read — novella / short fiction / under 200 pages"] },
   44,  true,  true,  Unidentified Funny Objects 9, Various (ed. Alex Shvartsman), Humor, Anthology, StoryBundle, Volume 9 of the beloved annual anthology of comedic speculative fiction., ["😂 Laughter ahead","⚡ Quick read — novella / short fiction / under 200 pages"] },
   45,  true,  true,  Unidentified Funny Objects 10, Various (ed. Alex Shvartsman), Humor, Anthology, StoryBundle, The 10th anniversary volume of UFO — funny, sharp, and genre-bending., ["😂 Laughter ahead","⚡ Quick read — novella / short fiction / under 200 pages"] },
   46,  true,  true,  Touched by an Alien, Gini Koch, Sci-Fi, Romantic Sci-Fi / Humor, StoryBundle, Book 1 of the Alien series — a marketing manager accidentally becomes Earth's alien liaison., ["😂 Laughter ahead","🌹 Swoon","👙 Sexy times","💃 Unputdownable","👩 Women centered","🌙 A few evenings — 300–500 pages","🌎 Contemporary real world"] },
   47,  true,  true,  Geekomancy, Michael R. Underwood, Fantasy, Urban Fantasy / Humor, StoryBundle, A barista discovers she can channel geek pop culture as actual magic., ["😂 Laughter ahead","💃 Unputdownable","👩 Women centered","🌙 A few evenings — 300–500 pages","🌎 Contemporary real world"] },
   48,  true,  true,  Middling Affliction, Alex Shvartsman, Fantasy, Urban Fantasy / Humor, StoryBundle, A middle-aged man with mediocre magical abilities somehow keeps saving New York., ["😂 Laughter ahead","👴 Older protagonist","🌙 A few evenings — 300–500 pages","🌎 Contemporary real world"] },
   49,  true,  true,  BadAsstronauts, Grady Hendrix, Humor, Satirical Sci-Fi, StoryBundle, A satirical romp through the absurdities of space exploration and human ego., ["😂 Laughter ahead","💡 Big ideas","☕ One sitting — 200–300 pages","🚀 Space"] },
   50,  true,  true,  The Plutonium Blonde, John Zakour & Lawrence Ganem, Mystery, Sci-Fi Mystery / Humor, StoryBundle, The last private detective on Earth takes a case involving a killer android and a missing heiress., ["😂 Laughter ahead","🔍 Whodunit brain","💃 Unputdownable","🤖 Near future","🌙 A few evenings — 300–500 pages"] },
   51,  true,  true,  Goblin Quest, Jim C. Hines, Fantasy, Humorous Fantasy, StoryBundle, A near-sighted goblin spearcarrier tries not to die in a dungeon. Surprisingly heartfelt., ["😂 Laughter ahead","🧣 Warm fuzzies","🔥 Ka-ra-te","💕 The feels","☕ One sitting — 200–300 pages","📜 Fake past"] },
   52,  true,  true,  Big Stick, Michael A. Ventrella, Fantasy, Humorous Fantasy, StoryBundle, A comedic fantasy adventure riffing on political power and magical bureaucracy., ["😂 Laughter ahead","💡 Big ideas","☕ One sitting — 200–300 pages","📜 Fake past"] },
   53,  true,  true,  Tune in Tomorrow, Randee Dawn, Fantasy, Contemporary Fantasy / Humor, StoryBundle, A soap opera where the cast is made up of mythological creatures in disguise., ["😂 Laughter ahead","💃 Unputdownable","🌙 A few evenings — 300–500 pages","🌎 Contemporary real world"] },
   54,  true,  true,  If Wishes Were Retail, Austin Hackney, Fantasy, Humorous Fantasy, StoryBundle, A jinn works retail. The wishes people make are not what anyone would hope., ["😂 Laughter ahead","🧣 Warm fuzzies","⚡ Quick read — novella / short fiction / under 200 pages","🌎 Contemporary real world"] },
   55,  true,  true,  The Runes of Engagement, Tobias S. Buckell & Dave Klecha, Fantasy, Military Fantasy / Humor, StoryBundle, Marines meet magic in a comedic mashup of military culture and fantasy tropes., ["😂 Laughter ahead","🔥 Ka-ra-te","⚔️ Military industrial complex ahead","☕ One sitting — 200–300 pages","📜 Fake past"] },
   56,  true,  true,  The Hex Is In, Mike Baron, Fantasy, Urban Fantasy / Humor, StoryBundle, The fast life and fantastic times of Harry the Book — a magical bookie navigating chaos., ["😂 Laughter ahead","💃 Unputdownable","🌙 A few evenings — 300–500 pages","🌎 Contemporary real world"] },
   57,  true,  true,  Funny Fantasy, Various (ed. Alex Shvartsman), Humor, Anthology, StoryBundle, An anthology of comedic fantasy stories from some of the genre's funniest voices., ["😂 Laughter ahead","⚡ Quick read — novella / short fiction / under 200 pages","📜 Fake past"] },
   58,  true,  true,  The View From the Imperium, Jody Lynn Nye, Sci-Fi, Space Opera / Humor, StoryBundle, A bumbling nobleman in a vast galactic empire stumbles into an interstellar conspiracy., ["😂 Laughter ahead","🏔️ Epic scope","💃 Unputdownable","🌙 A few evenings — 300–500 pages","🚀 Space"] },
   59,  false,  true,  The Pale Horse, Agatha Christie, Mystery, Classic Mystery, Reddit: Evil Geniuses, A seemingly impossible series of deaths leads Hercule Poirot to a country inn with a dark secret., ["🔍 Whodunit brain","💡 Big ideas","☕ One sitting — 200–300 pages","🏛️ Real past"] },
   60,  false,  true,  Notes on an Execution, Danya Kukafka, Literary Fiction, True Crime Adjacent, Reddit: Evil Geniuses, A literary novel focused on the women in a death row killer's life — an antidote to the evil genius trope., ["📰 Real crime, real people","💀 Death / grief / loss","🌒 Dark themes","💕 The feels","👩 Women centered","🌙 A few evenings — 300–500 pages","🌎 Contemporary real world"] },
   61,  false,  true,  The Nothing Man, Catherine Ryan Howard, Thriller, True Crime Thriller, Reddit: Evil Geniuses, A survivor writes a book about the serial killer who destroyed her family — and he reads it., ["📰 Real crime, real people","💀 Death / grief / loss","🌒 Dark themes","💃 Unputdownable","🚫 #notallmen","🌙 A few evenings — 300–500 pages","🌎 Contemporary real world"] },
   62,  false,  true,  The Five, Hallie Rubenhold, Nonfiction, True Crime / History, Reddit: Evil Geniuses, The true lives of Jack the Ripper's five victims — shifting focus from killer to the women themselves., ["📰 Real crime, real people","🧠 Learning afoot","🌍 Colonialism ahoy","💀 Death / grief / loss","👩 Women centered","🌙 A few evenings — 300–500 pages","🏛️ Real past"] },
   63,  false,  true,  Monster and Apprentice, Jessica Khoury, Fiction, Dark Literary, Reddit: Evil Geniuses, A look at how ordinary people become capable of evil — and how that evil is enabled., ["🌒 Dark themes","💡 Big ideas","🧠🔥 So much mental health","🌙 A few evenings — 300–500 pages","🌎 Contemporary real world"] },
   64,  false,  true,  Murderland, Shana Muldoon Zappa, Nonfiction, True Crime, Reddit: Evil Geniuses, Why are so many serial killers from the Pacific Northwest? This author argues industrial lead poisoning — not evil genius — is the answer., ["📰 Real crime, real people","🧠 Learning afoot","💡 Big ideas","🌙 A few evenings — 300–500 pages","🌎 Contemporary real world"] },
   65,  false,  true,  California Bear, Duane Swierczynski, Thriller, Crime Thriller, Reddit: Evil Geniuses, A crime thriller with a satisfying twist on the evil genius trope — the killer is not what you expect., ["💃 Unputdownable","🔍 Whodunit brain","😈 Chaos reigns","🌙 A few evenings — 300–500 pages","🌎 Contemporary real world"] },
   66,  false,  true,  The Fifth Season, N.K. Jemisin, Fantasy, Apocalyptic Fantasy, Reddit: Black High Fantasy, A world where catastrophic geological events are constant and one woman navigates its brutal systems. Hugo winner., ["🏔️ Epic scope","🌪️ Disaster themes","💃 Unputdownable","🌒 Dark themes","🌍 Colonialism ahoy","👩 Women centered","🗻 Commitment — series / multi-volume","📜 Fake past"] },
   67,  false,  true,  The Hundred Thousand Kingdoms, N.K. Jemisin, Fantasy, Epic Fantasy, Reddit: Black High Fantasy, A young woman is summoned to the palace of the gods and must navigate divine politics and family secrets., ["🏔️ Epic scope","💃 Unputdownable","🌒 Dark themes","👑 Black woman centered","🗻 Commitment — series / multi-volume","📜 Fake past"] },
   68,  false,  true,  Rage of Dragons, Evan Winter, Fantasy, Epic Fantasy, Reddit: Black High Fantasy, A young man trains to become an elite fighter to avenge his family in a world inspired by African mythology., ["🏔️ Epic scope","🔥 Ka-ra-te","💃 Unputdownable","✊ Black centered","🗻 Commitment — series / multi-volume","📜 Fake past"] },
   69,  false,  true,  The Unbroken, C.L. Clark, Fantasy, Epic Fantasy, Reddit: Black High Fantasy, A soldier from a colonized nation polices the colonizer's newest conquest — and begins to question everything., ["🏔️ Epic scope","🔥 Ka-ra-te","🌍 Colonialism ahoy","💃 Unputdownable","🏳️‍🌈 Queer centered","🗻 Commitment — series / multi-volume","📜 Fake past"] },
   70,  false,  true,  Master of Poisons, Andrea Hairston, Fantasy, Epic Fantasy, Reddit: Black High Fantasy, A world dying from poison magic, and two people trying to save it through art, love, and courage., ["🏔️ Epic scope","🌿 Touch grass","💡 Big ideas","🌒 Dark themes","🛋️ Take your time — 500+ pages","📜 Fake past"] },
   71,  false,  true,  The Black God's Drums, P. Djèlí Clark, Fantasy, Historical Fantasy, Reddit: Black High Fantasy, A girl in alternate New Orleans carries a Yoruba orisha inside her and fights to survive the city's dark magic., ["🗺️ Armchair travel","💃 Unputdownable","👑 Black woman centered","⚡ Quick read — novella / short fiction / under 200 pages","🌎🪞 Parallel world"] },
   72,  false,  true,  A Dead Djinn in Cairo, P. Djèlí Clark, Fantasy, Historical Fantasy / Mystery, Reddit: Black High Fantasy, A Ministry of Alchemy agent investigates supernatural crimes in a fantastical 1912 Cairo., ["🔍 Whodunit brain","🗺️ Armchair travel","💃 Unputdownable","👑 Black woman centered","⚡ Quick read — novella / short fiction / under 200 pages","🌎🪞 Parallel world"] },
   73,  false,  true,  Master of Djinn, P. Djèlí Clark, Fantasy, Historical Fantasy / Mystery, Reddit: Black High Fantasy, Full novel set in the Dead Djinn Universe — a murder mystery in a fantastical Cairo., ["🔍 Whodunit brain","🗺️ Armchair travel","💃 Unputdownable","👑 Black woman centered","🌙 A few evenings — 300–500 pages","🌎🪞 Parallel world"] },
   74,  false,  true,  The Dead Cat Tail Assassins, P. Djèlí Clark, Fantasy, Dark Fantasy / Humor, Reddit: Black High Fantasy, John Wick meets divine assassination — undead killers, a goddess of knives, and a lot of dark fun., ["🔥 Ka-ra-te","😂 Laughter ahead","💀 Death / grief / loss","💃 Unputdownable","👑 Black woman centered","🌙 A few evenings — 300–500 pages","📜 Fake past"] },
   75,  false,  true,  Black Leopard, Red Wolf, Marlon James, Fantasy, Dark Epic Fantasy, Reddit: Black High Fantasy, A mercenary is hired to find a missing boy across a brutal, mythologically rich African-inspired world., ["🏔️ Epic scope","🌒 Dark themes","🔥 Ka-ra-te","🩸 Gore","🚫 #notallmen","✊ Black centered","🛋️ Take your time — 500+ pages","📜 Fake past"] },
   76,  false,  true,  Moon Witch, Spider King, Marlon James, Fantasy, Dark Epic Fantasy, Reddit: Black High Fantasy, The same events as Black Leopard Red Wolf, retold from an older woman's perspective., ["🏔️ Epic scope","🌒 Dark themes","🔥 Ka-ra-te","🩸 Gore","👩 Women centered","✊ Black centered","🛋️ Take your time — 500+ pages","📜 Fake past"] },
   77,  false,  true,  One Way Witch, Nnedi Okorafor, Fantasy, African Fantasy, Reddit: Black High Fantasy, A novella from Nnedi Okorafor exploring magic and identity through an African lens., ["💡 Big ideas","🦋 Character growth","👑 Black woman centered","⚡ Quick read — novella / short fiction / under 200 pages","📜 Fake past"] },
   78,  false,  true,  Imaro, Charles R. Saunders, Fantasy, Sword & Soul, Reddit: Black High Fantasy, The founding work of the sword and soul subgenre — an African warrior hero's epic adventures., ["🏔️ Epic scope","🔥 Ka-ra-te","✊ Black centered","🌙 A few evenings — 300–500 pages","📜 Fake past"] },
   79,  false,  true,  Dossouye, Charles R. Saunders, Fantasy, Sword & Soul, Reddit: Black High Fantasy, A female warrior in an African-inspired fantasy world — by the pioneer of sword and soul fiction., ["🏔️ Epic scope","🔥 Ka-ra-te","👑 Black woman centered","🌙 A few evenings — 300–500 pages","📜 Fake past"] },
   80,  false,  true,  Sorcerer of the Wildeeps, Kai Ashante Wilson, Fantasy, Literary Fantasy, Reddit: Black High Fantasy, A demigod caravan guard and the captain he loves travel a dangerous road through a mythic world., ["💡 Big ideas","🌹 Swoon","🏳️‍🌈 Queer centered","✊ Black centered","⚡ Quick read — novella / short fiction / under 200 pages","📜 Fake past"] },
   81,  false,  true,  A Taste of Honey, Kai Ashante Wilson, Fantasy, Literary Fantasy, Reddit: Black High Fantasy, A love story between a soldier and a nobleman's son in a world of gods and strict social hierarchies., ["💕 The feels","🌹 Swoon","🏳️‍🌈 Queer centered","✊ Black centered","⚡ Quick read — novella / short fiction / under 200 pages","📜 Fake past"] },
   82,  false,  true,  Redemption in Indigo, Karen Lord, Fantasy, Caribbean Fantasy, Reddit: Black High Fantasy, A trickster tale loosely inspired by a Senegalese folktale — wise, funny, and wholly original., ["😂 Laughter ahead","💡 Big ideas","🗺️ Armchair travel","👑 Black woman centered","☕ One sitting — 200–300 pages","📜 Fake past"] },
   83,  false,  true,  Acacia trilogy, David Anthony Durham, Fantasy, Epic Fantasy, Reddit: Black High Fantasy, A vast epic about an empire built on slavery and the children who must decide whether to inherit or destroy it., ["🏔️ Epic scope","🌍 Colonialism ahoy","🌒 Dark themes","🔥 Ka-ra-te","✊ Black centered","🗻 Commitment — series / multi-volume","📜 Fake past"] },
   84,  false,  true,  Song of Blood and Stone, L. Penelope, Fantasy, Romantic Fantasy, Reddit: Black High Fantasy, Two people from warring nations — a soldier and a mage — must work together to save both their worlds., ["🌹 Swoon","🔥 Ka-ra-te","💡 Big ideas","👑 Black woman centered","🌙 A few evenings — 300–500 pages","📜 Fake past"] },
   85,  false,  true,  The Winged Histories, Sofia Samatar, Fantasy, Literary Fantasy, Reddit: Black High Fantasy, Four women's accounts of a war that destroys a civilization, told in stunning prose., ["🏔️ Epic scope","💡 Big ideas","💕 The feels","👩 Women centered","🛋️ Take your time — 500+ pages","📜 Fake past"] },
   86,  false,  true,  Forever Desert novellas, Moses Ose Utomi, Fantasy, African Fable / Fantasy, Reddit: Black High Fantasy, A trilogy of novellas with the feel of African oral tradition — spare, powerful, and mythic., ["💡 Big ideas","🌿 Touch grass","✊ Black centered","⚡ Quick read — novella / short fiction / under 200 pages","📜 Fake past"] },
   87,  false,  true,  Return to Neveryon series, Samuel R. Delany, Fantasy, Sword & Sorcery, Reddit: Black High Fantasy, Old school sword and sorcery from a literary giant — queer, philosophical, and unlike anything else., ["💡 Big ideas","🏳️‍🌈 Queer centered","✊ Black centered","🗻 Commitment — series / multi-volume","📜 Fake past"] },
   88,  false,  true,  Son of the Storm, Suyi Davies Okungbowa, Fantasy, Epic Fantasy, Reddit: Black High Fantasy, In a West African-inspired empire, a scholar uncovers forbidden knowledge that could destroy everything., ["🏔️ Epic scope","💡 Big ideas","🌍 Colonialism ahoy","✊ Black centered","🌙 A few evenings — 300–500 pages","📜 Fake past"] },
   89,  false,  true,  Scarlet Odyssey, C.T. Rwizi, Fantasy, Epic Fantasy, Reddit: Black High Fantasy, A young man from a matriarchal society must challenge his world's rules to pursue forbidden magic., ["🏔️ Epic scope","🦋 Character growth","✊ Black centered","🌙 A few evenings — 300–500 pages","📜 Fake past"] },
   90,  false,  true,  The Ballad of Black Tom, Victor LaValle, Horror, Lovecraftian Horror, Reddit: Black High Fantasy, A Harlem musician stumbles into a Lovecraftian nightmare — a retelling of a racist classic that centers Black experience., ["🌒 Dark themes","🌍 Colonialism ahoy","💡 Big ideas","✊ Black centered","☕ One sitting — 200–300 pages","🏛️ Real past"] },
   91,  false,  true,  Blackheart Man, Nalo Hopkinson, Fantasy, Caribbean Fantasy, Reddit: Black High Fantasy, Set in a world inspired by the Caribbean, a tale of power, love, and rebellion., ["🗺️ Armchair travel","💡 Big ideas","✊ Black centered","🌙 A few evenings — 300–500 pages","📜 Fake past"] },
   92,  false,  true,  Raybearer, Jordan Ifueko, Fantasy, Epic Fantasy, Reddit: Black High Fantasy, A girl born with the power to read souls must infiltrate a prince's inner circle — and risks losing herself., ["🏔️ Epic scope","🦋 Character growth","💃 Unputdownable","👑 Black woman centered","🌙 A few evenings — 300–500 pages","📜 Fake past"] },
   93,  false,  true,  Stiff: The Curious Lives of Human Cadavers, Mary Roach, Nonfiction, Science / Humor, Reddit: Zero Romance, A funny and surprisingly moving exploration of what happens to human bodies after death., ["😂 Laughter ahead","🧠 Learning afoot","💡 Big ideas","☕ One sitting — 200–300 pages","🌎 Contemporary real world"] },
   94,  false,  true,  Yellowface, R.F. Kuang, Literary Fiction, Satire, Reddit: Zero Romance, A white author steals her dead Asian American friend's manuscript — a sharp satire of publishing and racism., ["🌒 Dark themes","💡 Big ideas","😈 Chaos reigns","🌍 Colonialism ahoy","💃 Unputdownable","🌙 A few evenings — 300–500 pages","🌎 Contemporary real world"] },
   95,  false,  true,  London Falling, Paul Cornell, Fantasy, Urban Fantasy / Police Procedural, Reddit: Zero Romance, A London police unit stumbles into the occult while investigating a crime — gritty, dark, and compelling., ["🔍 Whodunit brain","🌒 Dark themes","💃 Unputdownable","🌙 A few evenings — 300–500 pages","🌎 Contemporary real world"] },
   96,  false,  true,  The Unseen World, Liz Moore, Literary Fiction, Family Drama / Mystery, Reddit: Zero Romance, A daughter unravels the mysteries of her father's secret past as his mind fades from Alzheimer's., ["💕 The feels","🔍 Whodunit brain","💀 Death / grief / loss","🧠🔥 So much mental health","🛋️ Take your time — 500+ pages","🌎 Contemporary real world"] },
   97,  true,  true,  Me Talk Pretty One Day, David Sedaris, Humor, Memoir / Essays, Reddit: Zero Romance, Hilarious essays about learning French, family dysfunction, and being a weirdo in the best possible way., ["😂 Laughter ahead","🗺️ Armchair travel","🧣 Warm fuzzies","☕ One sitting — 200–300 pages","🌎 Contemporary real world"] },
   98,  false,  true,  H is for Hawk, Helen Macdonald, Nonfiction, Memoir / Nature, Reddit: Zero Romance, A woman trains a goshawk while grieving her father — stunning nature writing braided with grief., ["💀 Death / grief / loss","🌿 Touch grass","🧠 Learning afoot","💕 The feels","🌙 A few evenings — 300–500 pages","🌎 Contemporary real world"] },
   99,  false,  true,  Small Gods, Terry Pratchett, Fantasy, Satirical Fantasy, Reddit: Zero Romance, A god who has lost his followers must regain power with only a tortoise and a simple novice to help him., ["😂 Laughter ahead","💡 Big ideas","🧣 Warm fuzzies","☕ One sitting — 200–300 pages","📜 Fake past"] },
   100,  true,  true,  A Walk in the Woods, Bill Bryson, Nonfiction, Adventure / Humor, Reddit: Zero Romance, Two middle-aged men attempt to hike the Appalachian Trail — funny, warm, and full of digressions., ["😂 Laughter ahead","🌿 Touch grass","🧠 Learning afoot","🗺️ Armchair travel","☕ One sitting — 200–300 pages","🌎 Contemporary real world"] },
   101,  false,  true,  The Informationist, Taylor Stevens, Thriller, Action Thriller, Reddit: Zero Romance, A multilingual information broker takes on a missing persons case in Africa — high tension, smart protagonist., ["💃 Unputdownable","🔥 Ka-ra-te","🌍 Colonialism ahoy","👩 Women centered","🌙 A few evenings — 300–500 pages","🌎 Contemporary real world"] },
   102,  true,  true,  The Girl with the Dragon Tattoo, Stieg Larsson, Thriller, Crime Thriller, Reddit: Zero Romance, A journalist and a hacker investigate a decades-old disappearance linked to a powerful Swedish family., ["💃 Unputdownable","🔍 Whodunit brain","🚫 #notallmen","🌒 Dark themes","👩 Women centered","🌙 A few evenings — 300–500 pages","🌎 Contemporary real world"] },
   103,  false,  true,  Into Thin Air, Jon Krakauer, Nonfiction, Adventure / True Story, Reddit: Zero Romance, A firsthand account of the 1996 Everest disaster — gripping, tragic, and impossible to put down., ["💃 Unputdownable","💀 Death / grief / loss","🧠 Learning afoot","🗺️ Armchair travel","🌙 A few evenings — 300–500 pages","🌎 Contemporary real world"] },
   104,  false,  true,  Daemon, Daniel Suarez, Thriller, Techno Thriller, Reddit: Zero Romance, A dead game designer leaves behind an AI that begins reorganizing society — terrifyingly plausible., ["💃 Unputdownable","💡 Big ideas","🪬 Surveillance state","🌙 A few evenings — 300–500 pages","🤖 Near future"] },
   105,  false,  true,  Hyperbole and a Half, Allie Brosh, Humor, Memoir / Comics, Reddit: Zero Romance, Hilarious illustrated essays about dogs, depression, childhood, and the absurdity of being a person., ["😂 Laughter ahead","🧠🔥 So much mental health","💕 The feels","⚡ Quick read — novella / short fiction / under 200 pages","🌎 Contemporary real world"] },
   106,  false,  true,  The Feather Thief, Kirk Wallace Johnson, Nonfiction, True Crime / Natural History, Reddit: Zero Romance, A Victorian-era heist of rare bird specimens from a museum — the strangest true crime story imaginable., ["📰 Real crime, real people","🧠 Learning afoot","😂 Laughter ahead","☕ One sitting — 200–300 pages","🌎 Contemporary real world"] },
   107,  true,  true,  Man's Search for Meaning, Viktor Frankl, Nonfiction, Philosophy / Memoir, Reddit: Zero Romance, A Holocaust survivor and psychiatrist's account of finding meaning in suffering — one of the most important books ever written., ["💡 Big ideas","💕 The feels","🌒 Dark themes","💀 Death / grief / loss","🧠🔥 So much mental health","⚡ Quick read — novella / short fiction / under 200 pages","🏛️ Real past"] },
   108,  false,  true,  The Art of Prophecy, Wesley Chu, Fantasy, Martial Arts Fantasy / Humor, Reddit: Zero Romance, A past-her-prime martial arts master and her useless chosen-one student must actually save the world., ["😂 Laughter ahead","🔥 Ka-ra-te","👩 Women centered","👴 Older protagonist","💃 Unputdownable","🌙 A few evenings — 300–500 pages","📜 Fake past"] },
   109,  false,  true,  Yearbook, Seth Rogen, Humor, Memoir / Essays, Reddit: Zero Romance, Seth Rogen's funny and surprisingly touching essays about drugs, family, and becoming himself., ["😂 Laughter ahead","🚬 Drugs r bad kids","☕ One sitting — 200–300 pages","🌎 Contemporary real world"] },
   110,  false,  true,  Endurance: Shackleton's Incredible Voyage, Alfred Lansing, Nonfiction, Adventure / History, Reddit: Zero Romance, The true story of Shackleton's doomed Antarctic expedition — and how every single man survived., ["💃 Unputdownable","🧠 Learning afoot","🗺️ Armchair travel","💕 The feels","🌙 A few evenings — 300–500 pages","🏛️ Real past"] },
   111,  false,  true,  The Emperor of All Maladies, Siddhartha Mukherjee, Nonfiction, Science / History, Reddit: Zero Romance, A biography of cancer — its history, science, and the human stories caught up in it. Pulitzer winner., ["🧠 Learning afoot","💡 Big ideas","💕 The feels","💀 Death / grief / loss","🛋️ Take your time — 500+ pages","🌎 Contemporary real world"] },
   112,  false,  true,  No Exit, Taylor Adams, Thriller, Survival Thriller, Reddit: Zero Romance, A woman stranded at a rest stop during a blizzard discovers a kidnapped child in one of the other cars., ["💃 Unputdownable","🌒 Dark themes","🚪🔪 Home invasion","🌙 A few evenings — 300–500 pages","🌎 Contemporary real world"] },
   113,  false,  true,  The Death of Mrs. Westaway, Ruth Ware, Mystery, Gothic Mystery, Reddit: Zero Romance, A tarot reader receives an inheritance from a grandmother she never knew — and discovers deadly family secrets., ["🔍 Whodunit brain","🌒 Dark themes","💃 Unputdownable","👩 Women centered","🌙 A few evenings — 300–500 pages","🌎 Contemporary real world"] },
   114,  false,  true,  Helter Skelter, Vincent Bugliosi, Nonfiction, True Crime, Reddit: Zero Romance, The definitive account of the Manson Family murders, by the prosecutor who put Manson away., ["📰 Real crime, real people","🌒 Dark themes","💀 Death / grief / loss","🛋️ Take your time — 500+ pages","🏛️ Real past"] },
   115,  false,  true,  The Omnivore's Dilemma, Michael Pollan, Nonfiction, Food / Environment, Reddit: Zero Romance, An investigation into where our food comes from — illuminating, troubling, and transformative., ["🧠 Learning afoot","💡 Big ideas","🌿 Touch grass","🌙 A few evenings — 300–500 pages","🌎 Contemporary real world"] },
   116,  false,  true,  Small Things Like These, Claire Keegan, Literary Fiction, Historical Literary, Reddit: Zero Romance, A coal merchant in 1980s Ireland discovers a dark secret about the local convent — a masterpiece of compression., ["💕 The feels","🌒 Dark themes","🧹 Shitty parents","🌍 Colonialism ahoy","⚡ Quick read — novella / short fiction / under 200 pages","🏛️ Real past"] },
   117,  false,  true,  The Flight Attendant, Chris Bohjalian, Thriller, Psychological Thriller, Reddit: Zero Romance, A flight attendant wakes up next to a dead man with no memory of what happened — and becomes the suspect., ["💃 Unputdownable","🔍 Whodunit brain","🚬 Drugs r bad kids","🧠🔥 So much mental health","🌙 A few evenings — 300–500 pages","🌎 Contemporary real world"] },
   118,  false,  true,  Misery, Stephen King, Horror, Psychological Horror, Reddit: Zero Romance, A novelist is rescued from a car crash by his 'number one fan' — and becomes her prisoner., ["💃 Unputdownable","🌒 Dark themes","🚪🔪 Home invasion","💀 Death / grief / loss","🌙 A few evenings — 300–500 pages","🌎 Contemporary real world"] },
   119,  false,  true,  Murderbot Diaries, Martha Wells, Sci-Fi, Space Adventure / Humor, Reddit: Zero Romance, A part-human, part-robot security unit just wants to watch TV serials and not deal with humans. Wildly beloved., ["😂 Laughter ahead","💃 Unputdownable","🧣 Warm fuzzies","🧠🔥 So much mental health","🧿🫀 AI / android centered","🗻 Commitment — series / multi-volume","🚀 Space"] },
   120,  false,  true,  Dungeon Crawler Carl, Matt Dinniman, Sci-Fi, LitRPG / Humor, Reddit: Zero Romance, Aliens destroy Earth and turn the ruins into a televised dungeon game. Carl and his cat Princess Donut survive., ["😂 Laughter ahead","💃 Unputdownable","🔥 Ka-ra-te","🌪️ Disaster themes","🗻 Commitment — series / multi-volume","🌎🪞 Parallel world"] },
   121,  false,  true,  Part of Your World, Abby Jimenez, Romance, Contemporary Romance, Reddit: Adult Romance, An ER doctor and a small-town handyman fall for each other across a class divide — smart, warm, and funny., ["🌹 Swoon","👙 Sexy times","😂 Laughter ahead","🧣 Warm fuzzies","👩 Women centered","🌙 A few evenings — 300–500 pages","🌎 Contemporary real world"] },
   122,  false,  true,  The Pumpkin Spice Cafe, Laurie Gilmore, Romance, Cozy Romance, Reddit: Adult Romance, A woman inherits a quirky cafe in a small New England town and falls for the grumpy local farmer., ["🌹 Swoon","🧣 Warm fuzzies","😂 Laughter ahead","👩 Women centered","☕ One sitting — 200–300 pages","🌎 Contemporary real world"] },
   123,  false,  true,  The Spellshop, Sarah Beth Durst, Fantasy, Cozy Fantasy / Romance, Reddit: Adult Romance, A librarian escapes a collapsing empire and opens a potion shop in a small island town — maximum cozy., ["🧣 Warm fuzzies","🌹 Swoon","😂 Laughter ahead","👩 Women centered","🌙 A few evenings — 300–500 pages","📜 Fake past"] },
   124,  false,  true,  Beach Read, Emily Henry, Romance, Contemporary Romance, Reddit: Adult Romance, Two writers — a romance novelist and a literary novelist — swap genres for the summer and fall for each other., ["🌹 Swoon","😂 Laughter ahead","💕 The feels","👙 Sexy times","👩 Women centered","🌙 A few evenings — 300–500 pages","🌎 Contemporary real world"] },
   125,  false,  true,  People We Meet on Vacation, Emily Henry, Romance, Contemporary Romance, Reddit: Adult Romance, Two best friends take annual vacations together — one ruined trip threatens to end their friendship and their unspoken love., ["🌹 Swoon","💕 The feels","👙 Sexy times","👩 Women centered","🌙 A few evenings — 300–500 pages","🌎 Contemporary real world"] },
   126,  false,  true,  Book Lovers, Emily Henry, Romance, Contemporary Romance, Reddit: Adult Romance, A literary agent and a grumpy editor keep running into each other in a small town — inside publishing jokes abound., ["🌹 Swoon","😂 Laughter ahead","💕 The feels","👙 Sexy times","👩 Women centered","🌙 A few evenings — 300–500 pages","🌎 Contemporary real world"] },
   127,  false,  true,  Lovelight Farms series, BK Borison, Romance, Cozy Romance, Reddit: Adult Romance, Set on a Christmas tree farm — small town, chosen family, cozy vibes, and genuine adult heat., ["🌹 Swoon","🧣 Warm fuzzies","👙 Sexy times","👩 Women centered","🗻 Commitment — series / multi-volume","🌎 Contemporary real world"] },
   128,  false,  true,  It Happened One Summer, Tessa Bailey, Romance, Contemporary Romance, Reddit: Adult Romance, A LA socialite is exiled to a small fishing town and falls for the gruff boat captain who can't stand her. Book 1., ["🌹 Swoon","😂 Laughter ahead","👙 Sexy times","👩 Women centered","🌙 A few evenings — 300–500 pages","🌎 Contemporary real world"] },
   129,  false,  true,  Hook, Line, and Sinker, Tessa Bailey, Romance, Contemporary Romance, Reddit: Adult Romance, The best friend from It Happened One Summer gets her own story with the town's most notorious fisherman., ["🌹 Swoon","😂 Laughter ahead","👙 Sexy times","👩 Women centered","🌙 A few evenings — 300–500 pages","🌎 Contemporary real world"] },
   130,  false,  true,  Best Hex Ever, Nadia El-Fassi, Fantasy, Paranormal Romance, Reddit: Adult Romance, A witch discovers her new roommate is a demon she accidentally summoned — and things get complicated., ["🌹 Swoon","👙 Sexy times","😂 Laughter ahead","🧣 Warm fuzzies","👩 Women centered","🌙 A few evenings — 300–500 pages","🌎 Contemporary real world"] },
   131,  false,  true,  Witch's Guide to Fake Dating a Demon, Sarah Hawley, Fantasy, Paranormal Romance, Reddit: Adult Romance, A witch accidentally summons a demon who won't leave — and has to pretend he's her boyfriend., ["🌹 Swoon","👙 Sexy times","😂 Laughter ahead","👩 Women centered","🌙 A few evenings — 300–500 pages","🌎 Contemporary real world"] },
   132,  true,  true,  Outlander series, Diana Gabaldon, Romance, Historical Romance / Time Travel, Reddit: Adult Romance, A WWII nurse is transported to 18th century Scotland and falls for a Highland warrior., ["🌹 Swoon","🌶️ Smut","🔥 Ka-ra-te","🏛️ Real past","⌛🔫 Time hopping","🗺️ Armchair travel","🗻 Commitment — series / multi-volume","🚫 #notallmen"] },
   133,  false,  true,  Knockemout series, Lucy Score, Romance, Small Town Romance, Reddit: Adult Romance, Enemies-to-lovers in a small Virginia town — sharp banter, big feelings, and grown-ass adult heat., ["🌹 Swoon","🌶️ Smut","😂 Laughter ahead","👩 Women centered","🗻 Commitment — series / multi-volume","🌎 Contemporary real world"] },
   134,  false,  true,  The Hideaway Inn, Philip William Stover, Romance, Queer Romance / Small Town, Reddit: Adult Romance, A man returns to his hometown to flip a property and reunites with the boy who broke his heart., ["🌹 Swoon","👙 Sexy times","🧣 Warm fuzzies","🏳️‍🌈 Queer centered","🌙 A few evenings — 300–500 pages","🌎 Contemporary real world"] },
   135,  false,  true,  One Golden Summer, Carley Fortune, Romance, Contemporary Romance, Reddit: Adult Romance, A woman takes a solo trip back to the lake town where she had the best summer of her life — and finds her past waiting., ["🌹 Swoon","💕 The feels","👙 Sexy times","👩 Women centered","🌙 A few evenings — 300–500 pages","🌎 Contemporary real world"] },
   136,  false,  true,  Nora Goes Off Script, Annabel Monaghan, Romance, Contemporary Romance, Reddit: Adult Romance, A romance screenwriter gets stuck hosting a Hollywood star filming in her historic home. Charming., ["🌹 Swoon","😂 Laughter ahead","🧣 Warm fuzzies","👩 Women centered","☕ One sitting — 200–300 pages","🌎 Contemporary real world"] },
   137,  true,  true,  The Time Traveler's Wife, Audrey Niffenegger, Literary Fiction, Romantic Literary / Sci-Fi, Reddit: Adult Romance, A love story told across time — a man involuntarily time travels, his wife waits., ["🌹 Swoon","💕 The feels","💀 Death / grief / loss","⌛🔫 Time hopping","🛋️ Take your time — 500+ pages","🌎 Contemporary real world"] },
   138,  false,  true,  Slaughterhouse-Five, Kurt Vonnegut, Literary Fiction, Anti-War / Absurdist, Reddit: Weird Books, A WWII survivor becomes unstuck in time and visits an alien zoo. Anti-war, funny, devastating., ["💡 Big ideas","😂 Laughter ahead","💀 Death / grief / loss","⚔️ Military industrial complex ahead","⌛🔫 Time hopping","☕ One sitting — 200–300 pages","🏛️ Real past"] },
   139,  false,  true,  Cat's Cradle, Kurt Vonnegut, Literary Fiction, Satire / Sci-Fi, Reddit: Weird Books, A journalist researches the inventor of the atomic bomb and discovers a substance that could end all life on Earth., ["💡 Big ideas","😂 Laughter ahead","🌪️ Disaster themes","☕ One sitting — 200–300 pages","🤖 Near future"] },
   140,  false,  true,  Sirens of Titan, Kurt Vonnegut, Sci-Fi, Absurdist Sci-Fi, Reddit: Weird Books, The richest man on Earth discovers his entire life has been manipulated by alien forces for a trivial purpose., ["💡 Big ideas","😂 Laughter ahead","👽 Alien / nonhuman POV","☕ One sitting — 200–300 pages","🌌 Far future"] },
   141,  false,  true,  Naked Lunch, William S. Burroughs, Literary Fiction, Experimental / Beat, Reddit: Weird Books, A non-linear hallucinatory nightmare of addiction, control, and language — one of the most radical novels ever written., ["🚬 Drugs r bad kids","🌒 Dark themes","💡 Big ideas","🌙 A few evenings — 300–500 pages","🌎 Contemporary real world"] },
   142,  false,  true,  Geek Love, Katherine Dunn, Literary Fiction, Dark Carnival / Literary Horror, Reddit: Weird Books, A couple breeds their own carnival freaks — a disturbing, beautiful, and utterly singular novel., ["🌒 Dark themes","🧹 Shitty parents","🩸 Gore","💡 Big ideas","🛋️ Take your time — 500+ pages","🌎 Contemporary real world"] },
   143,  false,  true,  The Metamorphosis, Franz Kafka, Literary Fiction, Absurdist, Reddit: Weird Books, A man wakes up as a giant insect. His family's response is the actual horror., ["💡 Big ideas","🌒 Dark themes","🧹 Shitty parents","⚡ Quick read — novella / short fiction / under 200 pages","🏛️ Real past"] },
   144,  false,  true,  The Trial, Franz Kafka, Literary Fiction, Absurdist, Reddit: Weird Books, A man is arrested and prosecuted for a crime that is never named. Bureaucratic nightmare as existential horror., ["💡 Big ideas","🌒 Dark themes","🪬 Surveillance state","🌙 A few evenings — 300–500 pages","🏛️ Real past"] },
   145,  false,  true,  The Wind-Up Bird Chronicle, Haruki Murakami, Literary Fiction, Magic Realism, Reddit: Weird Books, A man searches for his missing cat and descends into a labyrinth of memory, sex, and violence in modern Tokyo., ["💡 Big ideas","🌒 Dark themes","👙 Sexy times","🗺️ Armchair travel","🛋️ Take your time — 500+ pages","🌎 Contemporary real world"] },
   146,  false,  true,  A Wild Sheep Chase, Haruki Murakami, Literary Fiction, Surreal Mystery, Reddit: Weird Books, An ad exec is blackmailed into finding a supernatural sheep — Murakami's breakthrough novel., ["💡 Big ideas","🔍 Whodunit brain","😂 Laughter ahead","🌙 A few evenings — 300–500 pages","🌎 Contemporary real world"] },
   147,  false,  true,  1Q84, Haruki Murakami, Literary Fiction, Magic Realism, Reddit: Weird Books, Two parallel timelines, a cult, a hitwoman, and a ghostwriter — Murakami's most ambitious novel., ["💡 Big ideas","🌒 Dark themes","🌹 Swoon","🚫 #notallmen","🛋️ Take your time — 500+ pages","🌎🪞 Parallel world"] },
   148,  false,  true,  Annihilation, Jeff VanderMeer, Sci-Fi, Weird Fiction / Horror, Reddit: Weird Books, Four women enter a mysterious and deadly zone called Area X. None return the same — if they return at all., ["🌒 Dark themes","💃 Unputdownable","🌿 Touch grass","👩 Women centered","⚡ Quick read — novella / short fiction / under 200 pages","🌎 Contemporary real world"] },
   149,  false,  true,  Dead Astronauts, Jeff VanderMeer, Sci-Fi, Experimental Sci-Fi, Reddit: Weird Books, Three dead astronauts fight a corporation across alternate timelines — language itself breaks down., ["💡 Big ideas","🌒 Dark themes","🌪️ Disaster themes","🌙 A few evenings — 300–500 pages","🌌 Far future"] },
   150,  false,  true,  The Hike, Drew Magary, Literary Fiction, Surreal Adventure, Reddit: Weird Books, A man goes for a hike and enters a nightmare that spans every genre and defies description., ["💃 Unputdownable","💡 Big ideas","😂 Laughter ahead","💕 The feels","🌙 A few evenings — 300–500 pages","🌎🪞 Parallel world"] },
   151,  false,  true,  There Is No Antimemetics Division, qntm, Sci-Fi, Horror / SCP-adjacent, Reddit: Weird Books, A government agency fights memetic hazards — ideas so dangerous that encountering them makes you forget they exist., ["💡 Big ideas","🌒 Dark themes","🪬 Surveillance state","💃 Unputdownable","🌙 A few evenings — 300–500 pages","🤖 Near future"] },
   152,  false,  true,  The Raw Shark Texts, Steven Hall, Literary Fiction, Experimental Thriller, Reddit: Weird Books, A man wakes up with no memory and discovers he is being hunted by a conceptual shark that swims through meaning., ["💡 Big ideas","🌒 Dark themes","💃 Unputdownable","🌙 A few evenings — 300–500 pages","🌎 Contemporary real world"] },
   153,  false,  true,  Shark Heart, Emily Habeck, Literary Fiction, Magical Realism / Romance, Reddit: Weird Books, A newlywed man begins transforming into a great white shark. His wife must decide what love means now., ["💕 The feels","🌒 Dark themes","🌹 Swoon","💀 Death / grief / loss","⚡ Quick read — novella / short fiction / under 200 pages","🌎 Contemporary real world"] },
   154,  false,  true,  The Library at Mount Char, Scott Hawkins, Fantasy, Dark Fantasy / Horror, Reddit: Weird Books, Children raised by an all-powerful being fight over his library — brutal, funny, and completely unclassifiable., ["💡 Big ideas","🌒 Dark themes","🔥 Ka-ra-te","🩸 Gore","😂 Laughter ahead","🛋️ Take your time — 500+ pages","🌎 Contemporary real world"] },
   155,  false,  true,  Our Wives Under the Sea, Julia Armfield, Literary Fiction, Horror / Literary, Reddit: Weird Books, A woman's wife returns from a deep-sea expedition — changed in ways that can't be undone., ["💕 The feels","🌒 Dark themes","💀 Death / grief / loss","🏳️‍🌈 Queer centered","👩 Women centered","🌙 A few evenings — 300–500 pages","🌎 Contemporary real world"] },
   156,  false,  true,  Several People Are Typing, Calvin Kasulke, Literary Fiction, Experimental / Humor, Reddit: Weird Books, A man's consciousness is trapped inside Slack. The entire novel takes place in workplace chat messages., ["😂 Laughter ahead","💡 Big ideas","🪬 Surveillance state","⚡ Quick read — novella / short fiction / under 200 pages","🌎 Contemporary real world"] },
   157,  false,  true,  Horrorstör, Grady Hendrix, Horror, Comedic Horror, Reddit: Weird Books, IKEA but haunted — employees stay overnight to investigate strange occurrences. The book is designed like a catalog., ["😂 Laughter ahead","🌒 Dark themes","🚪🔪 Home invasion","☕ One sitting — 200–300 pages","🌎 Contemporary real world"] },
   158,  false,  true,  Perdido Street Station, China Miéville, Fantasy, New Weird, Reddit: Weird Books, A scientist and his insect-headed artist lover uncover a threat that consumes the minds of everyone it touches., ["💡 Big ideas","🌒 Dark themes","🗺️ Armchair travel","🩸 Gore","🛋️ Take your time — 500+ pages","📜 Fake past"] },
   159,  false,  true,  Ubik, Philip K. Dick, Sci-Fi, Philosophical Sci-Fi, Reddit: Weird Books, Reality keeps degrading around a group of psychic operatives — Philip K. Dick at his most mind-bending., ["💡 Big ideas","🌒 Dark themes","☕ One sitting — 200–300 pages","🤖 Near future"] },
   160,  false,  true,  The Crying of Lot 49, Thomas Pynchon, Literary Fiction, Postmodern, Reddit: Weird Books, A woman unravels a conspiracy involving a centuries-old underground postal system — or does she?, ["💡 Big ideas","🔍 Whodunit brain","😂 Laughter ahead","☕ One sitting — 200–300 pages","🏛️ Real past"] },
   161,  false,  true,  Pale Fire, Vladimir Nabokov, Literary Fiction, Postmodern, Reddit: Weird Books, A poem and its deranged commentary — the commentary is the novel. One of the most formally dazzling books ever., ["💡 Big ideas","😂 Laughter ahead","🌒 Dark themes","🌙 A few evenings — 300–500 pages","🌎 Contemporary real world"] },
   162,  false,  true,  The Third Policeman, Flann O'Brien, Literary Fiction, Absurdist, Reddit: Weird Books, A murderer pursues an invention through a bureaucratic hell where bicycles and people share atoms., ["💡 Big ideas","😂 Laughter ahead","🌒 Dark themes","☕ One sitting — 200–300 pages","📜 Fake past"] },
   163,  false,  true,  We Have Always Lived in the Castle, Shirley Jackson, Horror, Gothic Horror, Reddit: Weird Books, Two sisters and their uncle live in isolation after the rest of their family was poisoned. By one of them., ["🌒 Dark themes","🧠🔥 So much mental health","👩 Women centered","☕ One sitting — 200–300 pages","🏛️ Real past"] },
   164,  false,  true,  The Wasp Factory, Iain Banks, Horror, Dark Literary, Reddit: Weird Books, A disturbed teenager on a Scottish island commits rituals with dead animals — and a secret that reframes everything., ["🌒 Dark themes","🩸 Gore","🧹 Shitty parents","💡 Big ideas","🌙 A few evenings — 300–500 pages","🌎 Contemporary real world"] },
   165,  false,  true,  Vurt, Jeff Noon, Sci-Fi, Cyberpunk / Surreal, Reddit: Weird Books, A future Manchester where people get high on feathers that take them into a shared dream reality., ["🚬 Drugs r bad kids","🌒 Dark themes","💡 Big ideas","🌙 A few evenings — 300–500 pages","🤖 Near future"] },
   166,  false,  true,  Johnny Got His Gun, Dalton Trumbo, Literary Fiction, Anti-War, Reddit: Weird Books, A WWI soldier left without arms, legs, face, or senses exists only as thought — one of the most harrowing novels ever written., ["💡 Big ideas","💀 Death / grief / loss","⚔️ Military industrial complex ahead","🌒 Dark themes","🌙 A few evenings — 300–500 pages","🏛️ Real past"] },
   167,  false,  true,  John Dies at the End, David Wong, Horror, Comedic Horror, Reddit: Weird Books, Two slackers accidentally take a drug that lets them see eldritch horrors — extremely funny and extremely weird., ["😂 Laughter ahead","🌒 Dark themes","🚬 Drugs r bad kids","🩸 Gore","🌙 A few evenings — 300–500 pages","🌎 Contemporary real world"] },
   168,  false,  true,  Earthlings, Sayaka Murata, Literary Fiction, Japanese Literary / Dark, Reddit: Weird Books, A woman who believes she is an alien weapon navigates a lifetime of abuse and social rejection in stunning, disturbing prose., ["🌒 Dark themes","🚫 #notallmen","🧹 Shitty parents","🧠🔥 So much mental health","💡 Big ideas","🌙 A few evenings — 300–500 pages","🌎 Contemporary real world"] },
   169,  false,  true,  Bunny, Mona Awad, Horror, Dark Academic Horror, Reddit: Weird Books, An MFA student is invited into a clique of disturbing classmates who are literally making boys from their imagination., ["🌒 Dark themes","🩸 Gore","🧠🔥 So much mental health","😂 Laughter ahead","🌙 A few evenings — 300–500 pages","🌎 Contemporary real world"] },
   170,  false,  true,  The Box Man, Kobo Abe, Literary Fiction, Absurdist / Japanese Literary, Reddit: Weird Books, A man lives inside a cardboard box and observes society — about anonymity, identity, and modern alienation., ["💡 Big ideas","🌒 Dark themes","☕ One sitting — 200–300 pages","🌎 Contemporary real world"] },
   171,  false,  true,  In Watermelon Sugar, Richard Brautigan, Literary Fiction, Counterculture / Surreal, Reddit: Weird Books, Life in a post-apocalyptic commune called iDEATH — gentle, strange, and quietly devastating., ["💡 Big ideas","🌿 Touch grass","🌪️ Disaster themes","⚡ Quick read — novella / short fiction / under 200 pages","📜 Fake past"] },
   172,  false,  true,  The Atrocity Exhibition, J.G. Ballard, Literary Fiction, Experimental, Reddit: Weird Books, A psychiatrist's breakdown unfolds as a series of condensed novels — celebrity, war, sex, and media collide., ["💡 Big ideas","🌒 Dark themes","🧠🔥 So much mental health","🌙 A few evenings — 300–500 pages","🌎 Contemporary real world"] },
   173,  false,  true,  Catch-22, Joseph Heller, Literary Fiction, Satirical / Anti-War, Reddit: Weird Books, A WWII airman tries to get out of flying missions by claiming insanity — which proves he's sane, which means he must fly., ["😂 Laughter ahead","💡 Big ideas","⚔️ Military industrial complex ahead","🛋️ Take your time — 500+ pages","🏛️ Real past"] },
   174,  false,  true,  Piranesi, Susanna Clarke, Fantasy, Surreal Fantasy, Reddit: Weird Books, A man lives in a house with infinite halls, tidal statues, and only two other inhabitants — and slowly discovers the truth., ["💡 Big ideas","🧣 Warm fuzzies","💕 The feels","🔍 Whodunit brain","🌙 A few evenings — 300–500 pages","🌎🪞 Parallel world"] },
   175,  false,  true,  Gideon the Ninth, Tamsyn Muir, Fantasy, Necromancer Sci-Fantasy / Horror, Reddit: Weird Books, A swordswoman and the necromancer she hates must solve a murder in a haunted mansion in space — with bones., ["😂 Laughter ahead","🔥 Ka-ra-te","🌒 Dark themes","🏳️‍🌈 Queer centered","👩 Women centered","💃 Unputdownable","🗻 Commitment — series / multi-volume","🌌 Far future"] },
   176,  false,  true,  The Gormenghast trilogy, Mervyn Peake, Fantasy, Gothic Fantasy, Reddit: Weird Books, The vast, decaying castle of Gormenghast and the people trapped within its rituals — Gothic grandeur unlike anything else., ["🏔️ Epic scope","🌒 Dark themes","🗺️ Armchair travel","🗻 Commitment — series / multi-volume","📜 Fake past"] },
   177,  false,  true,  This Is How You Lose the Time War, Amal El-Mohtar & Max Gladstone, Sci-Fi, Epistolary / Time Travel, Reddit: Weird Books, Two agents on opposite sides of a time war fall in love through letters hidden across history., ["🌹 Swoon","💕 The feels","💡 Big ideas","⌛🔫 Time hopping","⚡ Quick read — novella / short fiction / under 200 pages","🌌 Far future"] },
   178,  false,  true,  A Scanner Darkly, Philip K. Dick, Sci-Fi, Philosophical Sci-Fi, Reddit: Weird Books, An undercover cop surveilling drug addicts discovers he's been surveilling himself — semi-autobiographical., ["🚬 Drugs r bad kids","🪬 Surveillance state","🌒 Dark themes","💡 Big ideas","🌙 A few evenings — 300–500 pages","🤖 Near future"] },
   179,  false,  true,  The Night Watch, Sergei Lukyanenko, Fantasy, Urban Fantasy, Reddit: Weird Books, Moscow's Light Others police the Dark Others in a centuries-old treaty — full of ideas about Russia and morality., ["💡 Big ideas","🔥 Ka-ra-te","🗺️ Armchair travel","🌙 A few evenings — 300–500 pages","🌎 Contemporary real world"] },
   180,  false,  true,  Vita Nostra, Marina & Sergei Dyachenko, Fantasy, Dark Academic Fantasy, Reddit: Weird Books, A girl is coerced into a strange school that transforms its students into something no longer human., ["💡 Big ideas","🌒 Dark themes","🧹 Shitty parents","🧠🔥 So much mental health","🌙 A few evenings — 300–500 pages","🌎 Contemporary real world"] },
   181,  false,  true,  Someone Comes to Town, Someone Leaves Town, Cory Doctorow, Literary Fiction, Magic Realism, Reddit: Weird Books, A man whose father is a mountain and mother a washing machine moves to Toronto and befriends a girl with wings., ["💡 Big ideas","😂 Laughter ahead","🌙 A few evenings — 300–500 pages","🌎 Contemporary real world"] },
   182,  true,  true,  Dirk Gently's Holistic Detective Agency, Douglas Adams, Humor, Comic Mystery / Sci-Fi, Reddit: Weird Books, A holistic detective solves cases by finding the interconnectedness of all things — weirder than Hitchhiker's., ["😂 Laughter ahead","🔍 Whodunit brain","💡 Big ideas","☕ One sitting — 200–300 pages","🌎 Contemporary real world"] },
   183,  false,  true,  The Illuminatus! Trilogy, Robert Anton Wilson, Literary Fiction, Conspiracy / Satire, Reddit: Weird Books, A vast satirical conspiracy novel involving the Illuminati, Lovecraftian gods, and the nature of reality., ["💡 Big ideas","😂 Laughter ahead","🌒 Dark themes","🚬 Drugs r bad kids","🗻 Commitment — series / multi-volume","🌎 Contemporary real world"] },
   184,  false,  true,  If on a winter's night a traveller, Italo Calvino, Literary Fiction, Postmodern / Metafiction, Reddit: Weird Books, You begin reading a novel called 'If on a winter's night a traveller' and keep being interrupted. The book is about that., ["💡 Big ideas","😂 Laughter ahead","🌙 A few evenings — 300–500 pages","🌎 Contemporary real world"] },
   185,  false,  true,  The Passion According to G.H., Clarice Lispector, Literary Fiction, Brazilian Literary, Reddit: Weird Books, A woman crushes a cockroach and has a spiritual crisis — an intense, hallucinatory masterpiece., ["💡 Big ideas","🌒 Dark themes","⚡ Quick read — novella / short fiction / under 200 pages","🌎 Contemporary real world"] },
   186,  false,  true,  A Short Stay in Hell, Steven L. Peck, Literary Fiction, Philosophical Horror, Reddit: Weird Books, A man in hell must find his book in a library containing every possible book — the Library of Babel as torture., ["💡 Big ideas","🌒 Dark themes","💀 Death / grief / loss","⚡ Quick read — novella / short fiction / under 200 pages"] },
   187,  false,  true,  I Have No Mouth and I Must Scream, Harlan Ellison, Sci-Fi, Horror Sci-Fi, Reddit: Weird Books, An AI tortures the last humans on Earth forever. One of the most disturbing short stories ever written., ["🌒 Dark themes","💀 Death / grief / loss","🧿🫀 AI / android centered","⚡ Quick read — novella / short fiction / under 200 pages","🌌 Far future"] },
   188,  false,  true,  The Woman in the Dunes, Kobo Abe, Literary Fiction, Japanese Literary / Existential, Reddit: Weird Books, An entomologist is trapped in a sand dune village and forced to dig sand forever — Kafka in Japan., ["💡 Big ideas","🌒 Dark themes","🚫 #notallmen","🌙 A few evenings — 300–500 pages","🌎 Contemporary real world"] },
   189,  false,  true,  House of Leaves, Mark Z. Danielewski, Horror, Experimental Horror, Reddit: Weird Books, A house is bigger on the inside than outside. The book about it is an academic footnote labyrinth. Nothing is okay., ["💡 Big ideas","🌒 Dark themes","🚪🔪 Home invasion","🌙 A few evenings — 300–500 pages","🌎 Contemporary real world"] },
   190,  false,  true,  Turtles All the Way Down, John Green, Fiction, YA / Literary, Reddit: OCD Protagonists, A teenager with OCD investigates a missing billionaire while her intrusive thoughts threaten to consume her., ["🧠🔥 So much mental health","🌀 The struggles are real","💕 The feels","🙄 Has teens acting like teens","🌙 A few evenings — 300–500 pages","🌎 Contemporary real world"] },
   191,  false,  true,  Xenocide, Orson Scott Card, Sci-Fi, Epic Sci-Fi, Reddit: OCD Protagonists, Book 3 of Ender's Game series features a character whose OCD is deeply interwoven with her world's religion., ["💡 Big ideas","🌀 The struggles are real","🏔️ Epic scope","🌙 A few evenings — 300–500 pages","🌌 Far future"] },
   192,  false,  true,  Monk series, Lee Goldberg, Mystery, Cozy Mystery, Reddit: OCD Protagonists, A brilliant detective with severe OCD solves murders. Based on the TV series — warm, funny, and clever., ["🔍 Whodunit brain","😂 Laughter ahead","🧣 Warm fuzzies","🌀 The struggles are real","🗻 Commitment — series / multi-volume","🌎 Contemporary real world"] },
   193,  false,  true,  Phantasma, Matilda Zerror, Horror, Gothic Horror, Reddit: OCD Protagonists, A gothic horror novel featuring a protagonist whose OCD is central to the unfolding dread., ["🌒 Dark themes","🌀 The struggles are real","💃 Unputdownable","🌙 A few evenings — 300–500 pages","📜 Fake past"] },
   194,  false,  true,  An Invisible Sign of My Own, Aimee Bender, Literary Fiction, Magic Realism, Reddit: OCD Protagonists, A young math teacher navigates anxiety, compulsion, and a strange town in this dreamy, off-kilter novel., ["💡 Big ideas","🌀 The struggles are real","🧠🔥 So much mental health","☕ One sitting — 200–300 pages","🌎 Contemporary real world"] },
   195,  false,  true,  You Know What You Did, KT Nguyen, Thriller, Psychological Thriller, Reddit: OCD Protagonists, A thriller with an OCD narrator whose intrusive thoughts blur the line between paranoia and truth., ["💃 Unputdownable","🔍 Whodunit brain","🌀 The struggles are real","🧠🔥 So much mental health","🌙 A few evenings — 300–500 pages","🌎 Contemporary real world"] },
   196,  false,  true,  Bat Eater and Other Names for Cora Zeng, Kylie Lee Baker, Horror, Horror / COVID Gothic, Reddit: OCD Protagonists, A genuinely creepy supernatural horror with contamination OCD at its core — handled with rare nuance., ["🌒 Dark themes","🌀 The struggles are real","💃 Unputdownable","🌸 Asian centered","🌙 A few evenings — 300–500 pages","🌎 Contemporary real world"] },
   197,  false,  true,  Hominids, Robert J. Sawyer, Sci-Fi, Alternate History / Sci-Fi, Reddit: Alt History, An alternate Earth where Neanderthals became the dominant species — first contact between two human lineages., ["💡 Big ideas","🌎🪞 Parallel world","🧠 Learning afoot","🌙 A few evenings — 300–500 pages","🌎 Contemporary real world"] },
   198,  false,  true,  Guns of the South, Harry Turtledove, Sci-Fi, Alternate History, Reddit: Alt History, Time travelers bring AK-47s to the Confederacy — what if the South had won?, ["⌛🔫 Time hopping","⚔️ Military industrial complex ahead","🌍 Colonialism ahoy","💡 Big ideas","🌙 A few evenings — 300–500 pages","🏛️ Real past"] },
   199,  false,  true,  Clash of Eagles trilogy, Alan Smale, Sci-Fi, Alternate History, Reddit: Alt History, Roman legions arrive in North America — encountering Cahokian civilization at its height., ["🌍 Colonialism ahoy","⚔️ Military industrial complex ahead","🔥 Ka-ra-te","🏔️ Epic scope","🗻 Commitment — series / multi-volume","🏛️ Real past"] },
   200,  false,  true,  The Years of Rice and Salt, Kim Stanley Robinson, Literary Fiction, Alternate History, Reddit: Alt History, The Black Death kills 99% of Europe — 700 years of history shaped by Islamic, Chinese, and Indigenous civilizations., ["💡 Big ideas","🏔️ Epic scope","🌍 Colonialism ahoy","🗺️ Armchair travel","🛋️ Take your time — 500+ pages","🌎🪞 Parallel world"] },
   201,  false,  true,  Cahokia Jazz, Francis Spufford, Mystery, Alternate History / Noir, Reddit: Alt History, A detective noir set in 1920s America where Native Americans united and built their own nation., ["🔍 Whodunit brain","🌍 Colonialism ahoy","🗺️ Armchair travel","🪶 Indigenous centered","🌙 A few evenings — 300–500 pages","🌎🪞 Parallel world"] },
   202,  false,  true,  Blonde Roots, Bernardine Evaristo, Literary Fiction, Alternate History, Reddit: Alt History, What if Africans had enslaved Europeans? A sharp satirical reversal of colonial history., ["💡 Big ideas","😈 Chaos reigns","🌍 Colonialism ahoy","🚫 #notallmen","☕ One sitting — 200–300 pages","🌎🪞 Parallel world"] },
   203,  false,  true,  Civilisations, Laurent Binet, Literary Fiction, Alternate History, Reddit: Alt History, The Incan Empire invades Europe. Columbus never makes it back. A playful, brilliant reversal., ["💡 Big ideas","😂 Laughter ahead","🌍 Colonialism ahoy","🌙 A few evenings — 300–500 pages","🌎🪞 Parallel world"] },
   204,  false,  true,  The Destroyermen series, Taylor Anderson, Sci-Fi, Alternate History / Military, Reddit: Alt History, A WWII destroyer is transported to an alternate timeline where dinosaurs never went extinct., ["⚔️ Military industrial complex ahead","🔥 Ka-ra-te","💃 Unputdownable","👽 Alien / nonhuman POV","🗻 Commitment — series / multi-volume","🌎🪞 Parallel world"] },
   205,  false,  true,  The Gone World, Tom Sweterlitsch, Sci-Fi, Time Travel Thriller, Reddit: Alt History, A federal agent investigates a murder across potential futures — and discovers all futures end in apocalypse., ["💃 Unputdownable","🔍 Whodunit brain","⌛🔫 Time hopping","🌪️ Disaster themes","🌙 A few evenings — 300–500 pages","🤖 Near future"] },
   206,  false,  true,  Recursion, Blake Crouch, Sci-Fi, Sci-Fi Thriller, Reddit: Alt History, A neuroscientist and a cop discover a technology that allows people to relive memories — destroying reality., ["💃 Unputdownable","💡 Big ideas","⌛🔫 Time hopping","🌙 A few evenings — 300–500 pages","🤖 Near future"] },
   207,  false,  true,  The Kingdoms, Natasha Pulley, Sci-Fi, Alternate History / Time Travel, Reddit: Alt History, England lost the Battle of Trafalgar — now it's a French slave colony, and a man with amnesia is trying to understand why., ["⌛🔫 Time hopping","🌍 Colonialism ahoy","🌙 A few evenings — 300–500 pages","🌎🪞 Parallel world"] },
   208,  false,  true,  Underground Airlines, Ben Winters, Literary Fiction, Alternate History / Thriller, Reddit: Alt History, The Civil War never happened — slavery still exists in four American states. A bounty hunter tracks escaped slaves., ["💡 Big ideas","🌍 Colonialism ahoy","💃 Unputdownable","✊ Black centered","🌙 A few evenings — 300–500 pages","🌎🪞 Parallel world"] },
   209,  false,  true,  11/22/63, Stephen King, Sci-Fi, Time Travel / Historical, Reddit: Alt History, A man goes back in time to stop the Kennedy assassination — and discovers changing history has consequences., ["⌛🔫 Time hopping","💕 The feels","💃 Unputdownable","🛋️ Take your time — 500+ pages","🏛️ Real past"] },
   210,  false,  true,  The Biography of X, Catherine Lacey, Literary Fiction, Alternate History, Reddit: Alt History, A woman researches her dead wife — a famous artist — and discovers the Southern US seceded in 1945., ["💡 Big ideas","🌹 Swoon","🏳️‍🌈 Queer centered","💀 Death / grief / loss","🌙 A few evenings — 300–500 pages","🌎🪞 Parallel world"] },
   211,  false,  true,  Fire on the Mountain, Terry Bisson, Sci-Fi, Alternate History, Reddit: Alt History, John Brown's raid succeeds, the slave rebellion wins, and in the 1980s the resulting republic is about to reach Mars., ["💡 Big ideas","😈 Chaos reigns","🌍 Colonialism ahoy","✊ Black centered","☕ One sitting — 200–300 pages","🌎🪞 Parallel world"] },
   212,  false,  true,  Boneshaker series, Cherie Priest, Sci-Fi, Steampunk / Alternate History, Reddit: Alt History, The Civil War drags on, zombies plague Seattle, and steampunk tech reshapes America., ["⚔️ Military industrial complex ahead","🔥 Ka-ra-te","🌙 A few evenings — 300–500 pages","🌎🪞 Parallel world"] },
   213,  false,  true,  The Yiddish Policemen's Union, Michael Chabon, Mystery, Alternate History / Noir, Reddit: Alt History, Alaska is the Jewish homeland in this alternate timeline — a hard-boiled detective investigates a murder., ["🔍 Whodunit brain","😂 Laughter ahead","🗺️ Armchair travel","🌙 A few evenings — 300–500 pages","🌎🪞 Parallel world"] },
   214,  false,  true,  Noughts & Crosses series, Malorie Blackman, Fiction, Alternate History / YA, Reddit: Alt History, A unified Black African empire colonized Europe — this is their 21st century, and two teenagers fall in love across the divide., ["💡 Big ideas","🌍 Colonialism ahoy","🌹 Swoon","✊ Black centered","🗻 Commitment — series / multi-volume","🌎🪞 Parallel world"] },
   215,  false,  true,  Tales of Alvin Maker series, Orson Scott Card, Fantasy, Alternate History Fantasy, Reddit: Alt History, Alternate 19th-century America where folk magic is real — a seventh son of a seventh son with powerful gifts., ["🏔️ Epic scope","💡 Big ideas","🌍 Colonialism ahoy","🪶 Indigenous centered","🗻 Commitment — series / multi-volume","🌎🪞 Parallel world"] },
   216,  false,  true,  The Dragon Waiting, John M. Ford, Fantasy, Alternate History Fantasy, Reddit: Alt History, The Byzantine Empire never fell — by the 15th century it dominates Europe. Magic is real. Richard III is involved., ["💡 Big ideas","🌒 Dark themes","🗺️ Armchair travel","🌙 A few evenings — 300–500 pages","🌎🪞 Parallel world"] },
   217,  false,  true,  Magic After Midlife series, Deborah Wilde, Fantasy, Paranormal / Humor, Reddit: Midlife Heroines, A middle-aged woman discovers magic and navigates werewolves, golems, and gargoyles — hilarious and warm., ["😂 Laughter ahead","🧣 Warm fuzzies","👴 Older protagonist","👩 Women centered","🗻 Commitment — series / multi-volume","🌎 Contemporary real world"] },
   218,  false,  true,  Saints of Steel series, T. Kingfisher, Fantasy, Fantasy Romance, Reddit: Midlife Heroines, A series of standalone romances featuring adult protagonists, paladins, and slow-burn yearning., ["🌹 Swoon","👙 Sexy times","🧣 Warm fuzzies","👩 Women centered","🗻 Commitment — series / multi-volume","📜 Fake past"] },
   219,  false,  true,  A House With Good Bones, T. Kingfisher, Horror, Gothic Horror / Humor, Reddit: Midlife Heroines, A woman visits her mother's house and discovers something very wrong in the garden — and with her grandmother's memory., ["😂 Laughter ahead","🌒 Dark themes","🧹 Shitty parents","👩 Women centered","☕ One sitting — 200–300 pages","🌎 Contemporary real world"] },
   220,  false,  true,  Nettle and Bone, T. Kingfisher, Fantasy, Dark Fairy Tale, Reddit: Midlife Heroines, A princess builds a dog from bones to rescue her sister from an abusive prince. Grim, funny, and triumphant., ["😂 Laughter ahead","🌒 Dark themes","💍🔪 Intimate partner violence","😈 Chaos reigns","👩 Women centered","☕ One sitting — 200–300 pages","📜 Fake past"] },
   221,  false,  true,  A Sorceress Comes to Call, T. Kingfisher, Fantasy, Dark Fairy Tale, Reddit: Midlife Heroines, A girl controlled by her terrifying sorceress mother and the older woman who sees what's really happening., ["🌒 Dark themes","🧹 Shitty parents","😈 Chaos reigns","👩 Women centered","☕ One sitting — 200–300 pages","📜 Fake past"] },
   222,  false,  true,  Wyrd Sisters, Terry Pratchett, Fantasy, Satirical Fantasy, Reddit: Midlife Heroines, Granny Weatherwax and the Lancre witches deal with a usurped throne — Shakespeare meets Pratchett., ["😂 Laughter ahead","💡 Big ideas","👩 Women centered","☕ One sitting — 200–300 pages","📜 Fake past"] },
   223,  false,  true,  Adventures of Amina al-Sirafi, S.A. Chakraborty, Fantasy, Historical Fantasy / Adventure, Reddit: Midlife Heroines, A 40-something pirate is pulled back into dangerous work in a fantastical medieval Indian Ocean world., ["🏔️ Epic scope","🔥 Ka-ra-te","😂 Laughter ahead","👩 Women centered","👴 Older protagonist","🌺 Latina centered","🌙 A few evenings — 300–500 pages","🏛️ Real past"] },
   224,  false,  true,  Remnant Population, Elizabeth Moon, Sci-Fi, Sci-Fi, Reddit: Midlife Heroines, An elderly woman refuses to evacuate her planet when a colony fails — and becomes humanity's first contact with aliens., ["💡 Big ideas","🧣 Warm fuzzies","👴 Older protagonist","👩 Women centered","🌙 A few evenings — 300–500 pages","☄️ Extragalactic"] },
   225,  false,  true,  Emily Wilde's Encyclopedia of Faeries, Heather Fawcett, Fantasy, Academic Fantasy / Romance, Reddit: Midlife Heroines, A prickly faerie scholar travels to a remote Scandinavian village to research the Hidden Ones — cozy and charming., ["🧣 Warm fuzzies","🌹 Swoon","🧠 Learning afoot","👩 Women centered","🌙 A few evenings — 300–500 pages","🌎 Contemporary real world"] },
   226,  false,  true,  Legends & Lattes, Travis Baldree, Fantasy, Cozy Fantasy, Reddit: Midlife Heroines, A retired orc adventurer opens a coffee shop. Absolutely nothing goes wrong. The most cozy book imaginable., ["🧣 Warm fuzzies","😂 Laughter ahead","🌹 Swoon","👩 Women centered","🏳️‍🌈 Queer centered","☕ One sitting — 200–300 pages","📜 Fake past"] },
   227,  false,  true,  The Book of Night, Holly Black, Fantasy, Urban Fantasy, Reddit: Midlife Heroines, A former thief in a world where shadows hold power gets pulled back into a dangerous magical underworld., ["🔥 Ka-ra-te","💃 Unputdownable","👩 Women centered","🌙 A few evenings — 300–500 pages","🌎 Contemporary real world"] },
   228,  false,  true,  Paladin of Souls, Lois McMaster Bujold, Fantasy, Epic Fantasy, Reddit: Midlife Heroines, A middle-aged woman considered mad by her court escapes on a pilgrimage and finds purpose, adventure, and love., ["🏔️ Epic scope","🌹 Swoon","👴 Older protagonist","👩 Women centered","🌙 A few evenings — 300–500 pages","📜 Fake past"] },
   229,  false,  true,  Her Majesty's Royal Coven, Juno Dawson, Fantasy, Contemporary Fantasy, Reddit: Midlife Heroines, Middle-aged witches navigate patriarchal oppression, coven politics, and a trans girl who has more power than any of them., ["💡 Big ideas","🌍 Colonialism ahoy","🏳️‍⚧️ Trans centered","👩 Women centered","🌙 A few evenings — 300–500 pages","🌎 Contemporary real world"] },
   230,  false,  true,  The Change, Kirsten Miller, Fantasy, Suburban Fantasy / Revenge, Reddit: Midlife Heroines, Three women going through menopause discover powers and use them to take down the evil lurking in their wealthy beach town., ["😈 Chaos reigns","💡 Big ideas","👩 Women centered","👴 Older protagonist","🚫 #notallmen","🌙 A few evenings — 300–500 pages","🌎 Contemporary real world"] },
   231,  false,  true,  The Incandescent, Emily Tesh, Fantasy, Academic Fantasy, Reddit: Midlife Heroines, The Director of Magic at a magic school — actually about her, not the students. Warm and quietly wonderful., ["🧣 Warm fuzzies","💡 Big ideas","👩 Women centered","🌙 A few evenings — 300–500 pages","📜 Fake past"] },
   232,  false,  true,  The Village Library Demon Hunting Society, C.M. Waggoner, Fantasy, Cozy Mystery Fantasy, Reddit: Midlife Heroines, An older woman librarian hunts demons in her small town while running book club. Cozy and funny., ["😂 Laughter ahead","🧣 Warm fuzzies","🔍 Whodunit brain","👩 Women centered","☕ One sitting — 200–300 pages","🌎 Contemporary real world"] },
   233,  false,  true,  A Natural History of Dragons series, Marie Brennan, Fantasy, Historical Fantasy / Adventure, Reddit: Midlife Heroines, A Victorian naturalist's memoirs of her dragon research expeditions — charming, scholarly, and feminist., ["🧠 Learning afoot","🗺️ Armchair travel","👩 Women centered","🗻 Commitment — series / multi-volume","🏛️ Real past"] },
   234,  false,  true,  Miss Percy's Pocket Guide to the Care and Feeding of British Dragons, Quenby Olson, Fantasy, Cozy Historical Fantasy, Reddit: Midlife Heroines, A middle-aged spinster inherits a dragon egg and quietly revolutionizes her life. Utterly charming., ["🧣 Warm fuzzies","😂 Laughter ahead","👩 Women centered","👴 Older protagonist","☕ One sitting — 200–300 pages","🏛️ Real past"] },
   235,  false,  true,  Howl's Moving Castle, Diana Wynne Jones, Fantasy, Fairy Tale Fantasy, Reddit: Midlife Heroines, A girl cursed into old age finds herself in a wizard's moving castle — discovers age is no barrier to adventure., ["😂 Laughter ahead","🧣 Warm fuzzies","🌹 Swoon","👩 Women centered","☕ One sitting — 200–300 pages","📜 Fake past"] },
   236,  false,  true,  Killers of a Certain Age, Deanna Raybourn, Thriller, Spy Thriller / Humor, Reddit: Midlife Heroines, Four retired female assassins are targeted by the organization they spent their careers serving., ["😈 Chaos reigns","😂 Laughter ahead","🔥 Ka-ra-te","👩 Women centered","👴 Older protagonist","🌙 A few evenings — 300–500 pages","🌎 Contemporary real world"] },
   237,  false,  true,  The Dream Quest of Vellitt Boe, Kij Johnson, Fantasy, Lovecraftian Fantasy, Reddit: Midlife Heroines, A 50-something professor travels through Lovecraft's Dreamlands to find a missing student — and rewrites the mythology., ["🏔️ Epic scope","💡 Big ideas","👩 Women centered","👴 Older protagonist","🌙 A few evenings — 300–500 pages","🌎🪞 Parallel world"] },
   238,  false,  true,  Frozen River, Ariel Lawhon, Historical Fiction, Historical Mystery, Reddit: Midlife Heroines, A colonial Maine midwife investigates a murder when a man's body surfaces in a frozen river — based on a true story., ["🔍 Whodunit brain","👩 Women centered","🧠 Learning afoot","🌙 A few evenings — 300–500 pages","🏛️ Real past"] },
   239,  false,  true,  The Benevolent Society of Ill-Mannered Ladies, Alison Goodman, Historical Fiction, Historical Mystery / Adventure, Reddit: Midlife Heroines, 42-year-old twin sisters in Regency England go rogue to help women in impossible situations., ["😈 Chaos reigns","😂 Laughter ahead","🔍 Whodunit brain","👩 Women centered","👴 Older protagonist","☕ One sitting — 200–300 pages","🏛️ Real past"] },
   240,  false,  true,  Murderbot Diaries, Martha Wells, Sci-Fi, Space Adventure / Humor, Reddit: Midlife Heroines, Already in catalogue — see entry 119., [] },
   241,  false,  true,  Amelia Peabody series, Elizabeth Peters, Mystery, Historical Mystery / Adventure, Reddit: Midlife Heroines, A Victorian archaeologist solves crimes in Egypt with her husband and increasingly improbable family., ["😂 Laughter ahead","🔍 Whodunit brain","🗺️ Armchair travel","👩 Women centered","🗻 Commitment — series / multi-volume","🏛️ Real past"] },
   242,  false,  true,  Chronicles of St. Mary's series, Jodi Taylor, Sci-Fi, Time Travel / Humor, Reddit: Midlife Heroines, Historians travel through time to witness events firsthand — and chaos follows them everywhere., ["😂 Laughter ahead","⌛🔫 Time hopping","🧠 Learning afoot","👩 Women centered","🗻 Commitment — series / multi-volume","🌎 Contemporary real world"] },
   243,  false,  true,  The Marlow Murder Club, Robert Thorogood, Mystery, Cozy Mystery, Reddit: Midlife Heroines, Three older women in a Thames-side village form an unofficial murder investigation club., ["🔍 Whodunit brain","😂 Laughter ahead","🧣 Warm fuzzies","👩 Women centered","👴 Older protagonist","🌙 A few evenings — 300–500 pages","🌎 Contemporary real world"] },
   244,  false,  true,  1000 Recipes for Revenge, Beth Cato, Fantasy, Culinary Fantasy / Adventure, Reddit: Midlife Heroines, A retired chef and her daughter navigate a fantastical world where food is power and old scores must be settled., ["😈 Chaos reigns","🧣 Warm fuzzies","👩 Women centered","🌙 A few evenings — 300–500 pages","📜 Fake past"] },
   245,  false,  true,  Tinker Tailor Soldier Spy, John le Carré, Thriller, Spy Thriller, Reddit: Military Fiction, A retired spy is called back to unmask a Soviet mole at the top of British intelligence — slow-burn masterpiece., ["💃 Unputdownable","🔍 Whodunit brain","🪬 Surveillance state","🗺️ Armchair travel","🌙 A few evenings — 300–500 pages","🏛️ Real past"] },
   246,  false,  true,  The Spy Who Came in from the Cold, John le Carré, Thriller, Spy Thriller, Reddit: Military Fiction, A burned-out British agent takes one last mission behind the Iron Curtain — cynical, brilliant, devastating., ["💃 Unputdownable","💡 Big ideas","💀 Death / grief / loss","🗺️ Armchair travel","☕ One sitting — 200–300 pages","🏛️ Real past"] },
   247,  false,  true,  Old Man's War, John Scalzi, Sci-Fi, Military Sci-Fi, Reddit: Military Fiction, A 75-year-old man joins the army — which gives him a new young body — to fight alien wars in space., ["⚔️ Military industrial complex ahead","🔥 Ka-ra-te","😂 Laughter ahead","💡 Big ideas","👴 Older protagonist","🌙 A few evenings — 300–500 pages","🚀 Space"] },
   248,  false,  true,  Armor, John Steakley, Sci-Fi, Military Sci-Fi, Reddit: Military Fiction, A soldier fights endless alien bugs in powered armor — about survival, trauma, and what war does to a person., ["⚔️ Military industrial complex ahead","🔥 Ka-ra-te","🌒 Dark themes","🧠🔥 So much mental health","🌙 A few evenings — 300–500 pages","🌌 Far future"] },
   249,  false,  true,  The Forever War, Joe Haldeman, Sci-Fi, Military Sci-Fi, Reddit: Military Fiction, A Vietnam vet writes the definitive anti-war sci-fi novel — soldiers age months while Earth ages centuries., ["⚔️ Military industrial complex ahead","💡 Big ideas","💀 Death / grief / loss","🌹 Swoon","🌙 A few evenings — 300–500 pages","🌌 Far future"] },
   250,  false,  true,  Gray Man series, Mark Greaney, Thriller, Spy Thriller / Action, Reddit: Military Fiction, A freelance assassin who only takes contracts on bad people navigates a world of espionage and violence., ["🔥 Ka-ra-te","💃 Unputdownable","⚔️ Military industrial complex ahead","🗻 Commitment — series / multi-volume","🌎 Contemporary real world"] },
   251,  false,  true,  Horatio Hornblower series, C.S. Forester, Historical Fiction, Naval Adventure, Reddit: Military Fiction, A Royal Navy officer rises from midshipman to admiral through the Napoleonic Wars — the original military thriller., ["⚔️ Military industrial complex ahead","🏔️ Epic scope","🗺️ Armchair travel","🗻 Commitment — series / multi-volume","🏛️ Real past"] },
   252,  false,  true,  Master and Commander, Patrick O'Brian, Historical Fiction, Naval Adventure, Reddit: Military Fiction, Captain Aubrey and ship's surgeon Maturin begin their twenty-novel partnership in the Napoleonic Wars., ["⚔️ Military industrial complex ahead","😂 Laughter ahead","🗺️ Armchair travel","🏔️ Epic scope","🗻 Commitment — series / multi-volume","🏛️ Real past"] },
   253,  false,  true,  Temeraire series, Naomi Novik, Fantasy, Historical Fantasy / Alt History, Reddit: Military Fiction, The Napoleonic Wars — but with dragons as an aerial corps. Deeply warm and surprisingly political., ["⚔️ Military industrial complex ahead","🏔️ Epic scope","🌹 Swoon","😂 Laughter ahead","🗻 Commitment — series / multi-volume","🌎🪞 Parallel world"] },
   254,  false,  true,  Joe Ledger series, Jonathan Maberry, Thriller, Techno Horror Thriller, Reddit: Military Fiction, A cop turned spec-ops agent fights bioterrorism and monsters for a shadowy government agency., ["🔥 Ka-ra-te","💃 Unputdownable","🌒 Dark themes","⚔️ Military industrial complex ahead","🗻 Commitment — series / multi-volume","🌎 Contemporary real world"] },
   255,  false,  true,  The Charm School, Nelson DeMille, Thriller, Cold War Thriller, Reddit: Military Fiction, An American tourist stumbles onto a KGB school where Soviet agents are trained by American POWs., ["💃 Unputdownable","🪬 Surveillance state","🗺️ Armchair travel","🌙 A few evenings — 300–500 pages","🏛️ Real past"] },
   256,  false,  true,  John Rain series, Barry Eisler, Thriller, Spy / Assassin Thriller, Reddit: Military Fiction, A Japanese-American assassin in Tokyo who specializes in deaths that look natural — noir, dark jazz, single malt., ["🔥 Ka-ra-te","💃 Unputdownable","🗺️ Armchair travel","🗻 Commitment — series / multi-volume","🌎 Contemporary real world"] },
   257,  false,  true,  Jack Reacher series, Lee Child, Thriller, Action Thriller, Reddit: Military Fiction, A drifting ex-military cop with no home helps strangers and dismantles corrupt systems with his fists and mind., ["🔥 Ka-ra-te","💃 Unputdownable","😈 Chaos reigns","⚔️ Military industrial complex ahead","🗻 Commitment — series / multi-volume","🌎 Contemporary real world"] },
   258,  false,  true,  Red Sparrow, Jason Matthews, Thriller, Spy Thriller, Reddit: Military Fiction, A Russian intelligence officer is forced to become a sparrow — a seduction agent — and meets her CIA match., ["💃 Unputdownable","🪬 Surveillance state","🌹 Swoon","👙 Sexy times","🚫 #notallmen","🌙 A few evenings — 300–500 pages","🌎 Contemporary real world"] },
   259,  false,  true,  The Martian, Andy Weir, Sci-Fi, Survival Sci-Fi, Reddit: Military Fiction, An astronaut is accidentally left behind on Mars and must science his way to survival. Funny and tense., ["😂 Laughter ahead","💃 Unputdownable","🧑‍🔬 Scientist centered","💡 Big ideas","🌙 A few evenings — 300–500 pages","🤖 Near future"] },
   260,  false,  true,  Sharpe series, Bernard Cornwell, Historical Fiction, Military Historical, Reddit: Military Fiction, Richard Sharpe rises from the ranks of the British Army through the Peninsular War — gritty, vivid, irresistible., ["⚔️ Military industrial complex ahead","🔥 Ka-ra-te","🏔️ Epic scope","🗺️ Armchair travel","🗻 Commitment — series / multi-volume","🏛️ Real past"] },
   261,  false,  true,  Lost Fleet series, Jack Campbell, Sci-Fi, Military Sci-Fi, Reddit: Military Fiction, A legendary officer wakes up after a century and must lead a decimated fleet home through enemy space., ["⚔️ Military industrial complex ahead","🏔️ Epic scope","💃 Unputdownable","🗻 Commitment — series / multi-volume","🌌 Far future"] },




  };
