Author,Title
Aaron Elkins,Gideon Oliver 01 - Fellowship of Fear
Aaron Elkins,Gideon Oliver 02
Aaron Elkins,Gideon Oliver 03 - Murder in the Queen's Armes
Aaron Elkins,Gideon Oliver 04
Aaron Elkins,Gideon Oliver 06
Aaron Elkins,Gideon Oliver 07
Aaron Elkins,Gideon Oliver 08 - Dead Men's Hearts
Aaron Elkins,Gideon Oliver 09
Aaron Elkins,Gideon Oliver 10
Aaron Elkins,Gideon Oliver 11
Aaron Elkins,Gideon Oliver 12 - Where There's a Will
Aaron Elkins,Gideon Oliver 13
Aaron Elkins,Gideon Oliver 14
Aaron Elkins,Gideon Oliver 15
Aaron Elkins,Gideon Oliver 16
Abraham Verghese,Cutting for Stone
Alan Dean Foster,Chronicles of Riddick
Alan Dean Foster,Dirge
Alan Dean Foster,Flinx Transcendent A Pip & Flinx Adventure
Alan Dean Foster,For Love of Mother-Not
Alan Dean Foster,Ghosts of Yesterday
Alan Dean Foster,Human Blend
Alan Dean Foster,Into the Thinking Kingdoms
Alan Dean Foster,Lost and Found
Alan Dean Foster,Mission to Moulokin
Alan Dean Foster,Phylogenesis
Alan Dean Foster,Star Trek Movie Tie-In
Alex Archer,Destiny
Alex Archer,Footprints
Alex Archer,Gabriel's Horn
Alex Archer,God of Thunder
Alex Archer,Paradox
Alex Archer,Provenance
Alex Archer,Rogue Angel 01 - Renaissance
Alex Archer,Rogue Angel 02 - Serpent's Kiss
Alex Archer,Rogue Angel 03 - The Cradle of Life
Alex Archer,Rogue Angel 29
Alex Archer,Rogue Angel 30
Alex Archer,Rogue Angel 31 - Tear of the Gods
Alex Archer,Rogue Angel 32 - Oracle's Message
Alex Archer,Rogue Angel 33 - Cradle of Solitude
Alex Archer,Rogue Angel 34 - Labyrinth
Alex Archer,Sacrifice
Alex Archer,Secret of the Slaves
Alex Archer,Seeker's Curse
Alex Archer,Serpent's Kiss
Alex Archer,Solomon's Jar
Alex Archer,Swordsman's Legacy
Alex Archer,The Bone Conjurer
Alex Archer,The Dragon's Mark
Alex Archer,The Golden Elephant
Alex Archer,The Lost Scrolls
Alex Archer,The Soul Stealer
Alex Archer,The Spider Stone
Alex Archer,The Spirit Banner
Alexander McCall Smith,The No. 1 Ladies' Detective Agency
Alexandra Adornetto,Halo
Alice Sebold,The Lovely Bones
Allan Leverone,Lonely Mile
Alyson Noel,The Immortals 01 - Evermore
Alyson Noel,The Immortals 02 - Blue Moon
Alyson Noel,The Immortals 03 - Shadowland
Andrea Goldsmith,The Prosperous Thief
Ann Aguirre,Doubleblind
Ann Aguirre,Grimspace
Ann Aguirre,Killbox
Ann Aguirre,Razorland 1 - Enclave
Ann Aguirre,Razorland 2 - Outpost
Ann Aguirre,Sirantha Jax 5 - Aftermath
Ann Aguirre,Sirantha Jax 6 - Endgame
Ann Aguirre,Wanderlust
Ann Marie Macdonald,Fall on Your Knees
Anna Funder,All That I Am
Anne Bishop,Black Jewels
Anne Bishop,Black Jewels - Twilight's Dawn
Anne Bishop,Black Jewels 01 - Daughter of the Blood
Anne Bishop,Black Jewels 02 - Heir to the Shadows
Anne Bishop,Black Jewels 03 - Queen of the Darkness
Anne Bishop,Black Jewels 04
Anne Bishop,Black Jewels 05
Anne Bishop,Black Jewels 06
Anne Bishop,Black Jewels 07 - Shalador's Lady
Anne Bishop,Ephemera 01 - Sebastian
Anne Bishop,Ephemera 02 - Belladonna
Anne Bishop,Tir Alainn 01
Anne Bishop,Tir Alainn 02
Anne Bishop,Tir Alainn 03
Anthony Bourdain,Bobby Gold Stories
Anthony Bourdain,Bone in the Throat
Anthony Bourdain,Cook's Tour - In Search of the Perfect Meal
Anthony Bourdain,Kitchen Confidential - Adventures in the Culinary Underbelly
Anthony Bourdain,Medium Raw - A Bloody Valentine to the World of Food and Cooking
Anya Bast,Dark Magick 01
Anya Bast,Dark Magick 02
Anya Bast,Elemental Witches 01
Anya Bast,Elemental Witches 02
Anya Bast,Elemental Witches 03
Anya Bast,Elemental Witches 04
Audrey Niffenegger,The Time Traveler's Wife
B.V. Larson,Amber Magic Haven Series 1
B.V. Larson,MECH
Barb & J.C. Hendee,Dhampir
Barb & J.C. Hendee,Thief of Lives
Barb & J.C. Hendee,Sister of the Dead
Barb & J.C. Hendee,Child of a Dead God
Barb & J.C. Hendee,The Noble Dead 05
Barb & J.C. Hendee,In Shade and Shadow
Barb & J.C. Hendee,Through Stone and Sea
Barb & J.C. Hendee,Traitor to the Blood
Barbara Freethy,Don't Say a Word
Barbara Freethy,Just the Way You Are
Barbara Freethy,One True Love
Barbara Freethy,Played
Barbara Freethy,Some Kind of Wonderful
Barbara Freethy,Taken
Becca Fitzpatrick,Crescendo
Becca Fitzpatrick,Hush
Ben Bova,The Aftermath
Ben Bova,The Exiles Trilogy
Ben Bova,The Trikon Deception
Ben Bova,The Watchmen
Benedict Jacka,Cursed
Benedict Jacka,Fated - An Alex Verus Novel
Benedict Jacka,Taken
Betty Smith,A Tree Grows in Brooklyn
Bill Bryson,A Short History of Nearly Everything
Bill Bryson,A Walk in the Woods - Rediscovering America on the Appalachian Trail
Bill Bryson,Bill Bryson's African Diary
Bill Bryson,I'm a Stranger Here Myself - Notes on Returning to America After Twenty Years Away
Bill Bryson,Neither Here Nor There - Travels in Europe
Bill Bryson,Seeing Further - The Story of Science & Discovery
Bill Bryson,The Life and Times of the Thunderbolt Kid
Brandon Sanderson,Alcatraz Versus the Evil Librarians
Brandon Sanderson,Alcatraz Versus the Knights of Crystallia
Brandon Sanderson,Alcatraz Versus the Scrivener's Bones
Brandon Sanderson,Mistborn - The Final Empire
Brandon Sanderson,The Hero of Ages
Brandon Sanderson,The Way of Kings
Brandon Sanderson,The Well of Ascension
Brandon Sanderson,Words of Radiance
Brent Weeks,Beyond the Shadows
Brent Weeks,Shadow's Edge
Brent Weeks,The Black Prism
Brent Weeks,The Way of Shadows
Brian S. Pratt,The Unsuspecting Mage - The Morcyth Saga Book One
C. E. Murphy,Negotiator Trilogy 01 - Heart of Stone
C. E. Murphy,Negotiator Trilogy 02 - House of Cards
C. E. Murphy,Negotiator Trilogy 03 - Hands of Flame
C. S. Lewis,A Grief Observed
C. S. Lewis,The Horse and His Boy
C. S. Lewis,The Magician's Nephew
C. S. Lewis,Out of the Silent Planet
C. S. Lewis,Perelandra
C. S. Lewis,The Screwtape Letters
C. S. Lewis,The Silver Chair
C. S. Lewis,Space Trilogy 01 - Out of the Silent Planet
C. S. Lewis,Space Trilogy 02 - Perelandra
C. S. Lewis,Space Trilogy 03 - That Hideous Strength
C. S. Lewis,That Hideous Strength
C. S. Lewis,The Lion the Witch & the Wardrobe
C. S. Lewis,The Voyage of the Dawn Treader
C.J. Box,Open Season
C.J. Box,Trophy Hunt
C.J. Box,In Plain Sight
C.J. Box,Free Fire
C.J. Box,Blood Trail
C.J. Box,Below Zero
C.J. Box,Blue Heaven
C.J. Box,Nowhere to Run
C.J. Box,Out of Range
C.J. Box,Savage Run
C.J. Box,Winterkill
Caitlin Kittredge,Anthology - Huntress
Caitlin Kittredge,Black and White
Caitlin Kittredge,Daemon's Mark
Caitlin Kittredge,Shades of Gray
Carlos Ruiz Zafon,The Shadow of the Wind
Carole Nelson Douglas,Dancing With Werewolves
Carole Nelson Douglas,Silver Zombie - Delilah Street Paranormal Investigator
Cassandra Clare,City of Ashes
Cassandra Clare,City of Glass
Charlaine Harris,Aurora Teagarden 01 - Real Murders
Charlaine Harris,Aurora Teagarden 02 - A Bone to Pick
Charlaine Harris,Aurora Teagarden 03 - Three Bedrooms Two Baths
Charlaine Harris,Aurora Teagarden 04 - Last Scene Alive
Charlaine Harris,Aurora Teagarden 05 - Poppy Done to Death
Charlaine Harris,Aurora Teagarden 06 - A Fool and His Honey
Charlaine Harris,Aurora Teagarden 07 - Death by Accident
Charlaine Harris,Aurora Teagarden 08 - Poppy Done to Death
Charlaine Harris,From Dead to Worse
Charlaine Harris,Harper Connelly 01 - Grave Sight
Charlaine Harris,Harper Connelly 02 - Grave Surprise
Charlaine Harris,Lily Bard 01 - Shakespeare's Landlord
Charlaine Harris,Lily Bard 02 - Shakespeare's Champion
Charlaine Harris,Lily Bard 03 - Shakespeare's Christmas
Charlaine Harris,Lily Bard 04 - Shakespeare's Trollop
Charlaine Harris,Lily Bard 05 - Shakespeare's Counselor
Charlaine Harris,Sookie Stackhouse 01 - Dead Until Dark
Charlaine Harris,Sookie Stackhouse 02 - Living Dead in Dallas
Charlaine Harris,Sookie Stackhouse 03 - Club Dead
Charlaine Harris,Sookie Stackhouse 04 - Dead to the World
Charlaine Harris,Sookie Stackhouse 05 - Dead as a Doornail
Charlaine Harris,Sookie Stackhouse 06 - Definitely Dead
Charlaine Harris,Sookie Stackhouse 07 - All Together Dead
Charlaine Harris,Sookie Stackhouse 08 - From Dead to Worse
Charlaine Harris,Sookie Stackhouse 11 - Dead Reckoning
Charlaine Harris,Sookie Stackhouse 4.1 - Fairy Dust
Charlaine Harris,Sookie Stackhouse 4.2 - Dancers in the Dark
Charlaine Harris,Sookie Stackhouse 7.1 - Dracula Night
Charlaine Harris,Sookie Stackhouse 8.1 - Gift Wrapped
Charles Frazier,Nightwoods
Cherie Priest,Bloodshot
Chloe Neill,Firespell
Chloe Neill,Friday Night Bites
Chloe Neill,Hexbound
Chloe Neill,Some Girls Bite
Chris Marie Green,A Drop of Red
Chris Marie Green,Break of Dawn
Chris Marie Green,Deep in the Woods
Chris Marie Green,Vampire Babylon 01 - Night Rising
Chris Marie Green,Vampire Babylon 02 - Midnight Reign
Christopher Moore,Fool
Cody McFadyen,Abandoned - A Thriller
Cody McFadyen,The Darker Side
Cody McFadyen,The Face of Death
Colleen Gleason,As Shadows Fade
Colleen Gleason,Bleeding Dusk
Colleen Gleason,Rest Falls Away
Colleen Gleason,Rises the Night
Colleen Gleason,When Twilight Burns
Cormac McCarthy,Blood Meridian - Or the Evening Redness in the West
Cormac McCarthy,All the Pretty Horses
Cormac McCarthy,The Crossing
Cormac McCarthy,Cities of the Plain
Cormac McCarthy,Child of God
Cormac McCarthy,No Country for Old Men
Cormac McCarthy,Suttree
Cormac McCarthy,The Gardener's Son
Dan Abnett,First and Only
Dan Abnett,Horus Heresy 01 - Legion
Dan Abnett,Horus Heresy 07 - Legion
Dan Abnett,Horus Heresy 15 - Know No Fear
Dan Ariely,The Irrational Bundle
Daniel Quinn,Ishmael
Darren Shan,A Living Nightmare
Darren Shan,Allies of the Night
Darren Shan,Bec
Darren Shan,Cirque Du Freak 06 - Vampire Prince
Darren Shan,Demonata 10 - Hell's Heroes
Darren Shan,Death's Shadow
Darren Shan,Hunters of the Dusk
Darren Shan,Killers of the Dawn
Darren Shan,Lord of the Shadows
Darren Shan,Slawter
Darren Shan,Sons of Destiny
Darren Shan,The Lake of Souls
Darren Shan,Trials of Death
Darren Shan,Tunnels of Blood
Darren Shan,The Vampire's Assistant
Dave Eggers,Zeitoun
David Baldacci,The Christmas Train
David Gemmell,Lord of the Silver Bow
David Gemmell,Shield of Thunder
David Gemmell,Troy - Fall of Kings
David Sedaris,Dress Your Family in Corduroy and Denim
David Sedaris,Let's Explore Diabetes with Owls
David Sedaris,Me Talk Pretty One Day
David Sedaris,Naked
David Sedaris,The Santa Land Diaries
Deborah Sharp,Mama Does Time
Deborah Sharp,Mama Gets Hitched
Deborah Sharp,Mama Rides Shotgun
Deborah Sharp,Mama Sees Stars
Devon Monk,Allie Beckstrom 01 - Magic to the Bone
Devon Monk,Allie Beckstrom 02 - Magic in the Blood
Devon Monk,Allie Beckstrom 03 - Magic in the Shadows
Devon Monk,Allie Beckstrom 04 - Magic on the Storm
Devon Monk,Allie Beckstrom 05 - Magic at the Gate
Dexter Palmer,The Dream of Perpetual Motion
Diana Gabaldon,Breath of Snow and Ashes
Diana Gabaldon,Dragonfly in Amber
Diana Gabaldon,Drums of Autumn
Diana Gabaldon,Echo in the Bone
Diana Gabaldon,The Fiery Cross
Diana Gabaldon,Lord John and the Brotherhood of the Blade
Diana Gabaldon,Lord John and the Hand of Devils
Diana Gabaldon,Lord John and the Private Matter
Diana Gabaldon,Voyager
Diane Chamberlain,The Midwife's Confession
Dianne Sylvan,Queen of Shadows
Don Piper,90 Minutes in Heaven - A True Story of Death and Life
Donald Ray Pollock,Knockemstiff
Donald Ray Pollock,The Devil All the Time
Donna Ball,A Year on Ladybug Farm
Donna Ball,At Home on Ladybug Farm
Donna Ball,Love Letters from Ladybug Farm
Donna Morrissey,Kit's Law
Donna Woolfolk Cross,Pope Joan - A Novel
Douglas Adams,Dirk Gently's Holistic Detective Agency
Douglas Adams,Mostly Harmless - Hitchhiker's Guide 05
Douglas Adams,So Long, and Thanks for All the Fish
Douglas Adams,The Hitchhiker's Guide to the Galaxy
Douglas Adams,The Restaurant at the End of the Universe
Douglas Adams,Life, the Universe and Everything
Douglas Adams,The long dark tea-time of the soul
Douglas Adams,Young Zaphod Plays it Safe
E L James,Fifty Shades of Grey
E L James,Fifty Shades Darker
E L James,Fifty Shades Freed
E.E. Knight,Age of Fire 04
E.E. Knight,Vampire Earth 01 - Way of the Wolf
E.E. Knight,Vampire Earth 02 - Choice of the Cat
E.E. Knight,Vampire Earth 03 - Eon of Destruction
E.E. Knight,Vampire Earth 04 - Valentine's Rising
E.E. Knight,Vampire Earth 05 - Valentine's Exile
E.E. Knight,Vampire Earth 06 - Valentine's Resolve
E.E. Knight,Vampire Earth 07 - Fall with Honor
E.E. Knight,Vampire Earth 08 - War of the Spider Queen
E.E. Knight,Vampire Earth 09 - March in Country
Edgar Rice Burroughs,A Princess of Mars
Edgar Rice Burroughs,At the Earth's Core
Edgar Rice Burroughs,The Gods of Mars
Edgar Rice Burroughs,John Carter of Mars - Volume 3 - The Chessmen of Mars
Edgar Rice Burroughs,John Carter of Mars Vol. 4 - A Fighting Man of Mars & Swords of Mars
Edgar Rice Burroughs,John Carter of Mars Vol. 5 - Synthetic Men of Mars & Llana of Gathol
Edgar Rice Burroughs,Out of Time's Abyss
Edgar Rice Burroughs,Swords of Mars
Edgar Rice Burroughs,Synthetic Men of Mars
Edgar Rice Burroughs,Tanar of Pellucidar
Edgar Rice Burroughs,Tarzan of the Apes
Edgar Rice Burroughs,Tarzan the Terrible
Edgar Rice Burroughs,The Beasts of Tarzan & The Son of Tarzan
Edgar Rice Burroughs,The Cave Girl
Edgar Rice Burroughs,The Chessmen of Mars
Edgar Rice Burroughs,The Complete Moon Trilogy - The Moon Maid
Edgar Rice Burroughs,The Efficiency Expert
Edgar Rice Burroughs,The Eternal Savage - Nu of the Neocene
Edgar Rice Burroughs,The Girl from Farris's
Edgar Rice Burroughs,The Land That Time Forgot
Edgar Rice Burroughs,The Lost Continent
Edgar Rice Burroughs,The Master Mind of Mars
Edgar Rice Burroughs,The Monster Men
Edgar Rice Burroughs,The Outlaw of Torn
Edgar Rice Burroughs,The People That Time Forgot
Edgar Rice Burroughs,The Return of Tarzan
Edgar Rice Burroughs,The Warlord of Mars
Edgar Rice Burroughs,Thuvia, Maid of Mars
Eileen Wilks,Blood Challenge
Eileen Wilks,Entangled
Eileen Wilks,World of the Lupi 01
Eileen Wilks,World of the Lupi 02
Eileen Wilks,World of the Lupi 03
Eleanor Brown,The Weird Sisters
Elizabeth Bear,House of the Rising Sun
Elizabeth Bear,Ice
Elizabeth Bear,Lucifugous
Elizabeth Bear,One-Eyed Jack and the Suicide King
Elizabeth Bear,Sonny Liston Takes the Fall
Elizabeth Bear,The Cold Blacksmith
Elizabeth Bear,The Company of Four
Elizabeth Bear,The Devil You Don't
Elizabeth Bear,The Rest of Your Life in a Day
Elizabeth C. Mock,Shatter - The Children of Man
Emma Donoghue,Room
Erik Larson,The Devil in the White City - Murder, Magic, and Madness at the Fair That Changed America
Erin Brockovich,Rock Bottom
Erin Morgenstern,The Night Circus
Ernest Hemingway,The Sun Also Rises
Eve Silver,Compact of Sorcerors 01 - Demon's Kiss
Eve Silver,Compact of Sorcerors 02 - Demon's Hunger
Eve Silver,Otherkin 00 - Sin's Daughter
Eve Silver,Otherkin 01 - Sins of the Heart
Eve Silver,Otherkin 02 - Sins of the Soul
Eve Silver,Otherkin 03 - Sins of the Flesh
Faith Hunter,Bloodring
Faith Hunter,Host
Faith Hunter,Seraphs
Faith Hunter,Skinwalker
Felix Gilman,Made World
Felix Gilman,Thunderer
Fred Vargas,An Uncertain Place
Fred Vargas,The Chalk Circle Man
Fred Vargas,The Three Evangelists
Fred Vargas,This Night's Foul Work
Fred Vargas,Wash This Blood Clean from My Hand
Gabriel Garcia Marquez,Love in the Time of Cholera
Garth Nix,Abhorsen
Garth Nix,Above the Veil
Garth Nix,Across the Wall
Garth Nix,Aenir
Garth Nix,By Blood We Live
Garth Nix,Castle
Garth Nix,Drowned Wednesday
Garth Nix,Grim Tuesday
Garth Nix,Into Battle
Garth Nix,Lady Friday
Garth Nix,Lirael
Garth Nix,Lord Sunday
Garth Nix,Mister Monday
Garth Nix,Sabriel
Garth Nix,Shade's Children
Garth Nix,Sir Thursday
Garth Nix,Superior Saturday
Garth Nix,The Fall
Garth Nix,The Violet Keystone
Gav Thorpe,Malekith
Gav Thorpe,The Crown of the Blood
Gav Thorpe,Path of the Warrior
George R.R. Martin,A Game of Thrones
George R.R. Martin,A Clash of Kings
George R.R. Martin,A Storm of Swords
George R.R. Martin,A Feast for Crows
George R.R. Martin,A Dance with Dragons
George R.R. Martin,Songs of Love and Death
George R.R. Martin,Windhaven
Gillian Flynn,Gone Girl
Gini Koch,Katherine Katt 01 - Touched by an Alien
Gini Koch,Katherine Katt 02 - Alien Slave Trade
Gini Koch,Katherine Katt 03 - Alien in the Family
Glen Cook,Angry Lead Skies
Glen Cook,Bitter Gold Hearts
Glen Cook,Ceremony
Glen Cook,Cold Copper Tears
Glen Cook,Cruel Zinc Melodies
Glen Cook,Deadly Quicksilver Lies
Glen Cook,Doomstalker
Glen Cook,Dreams of Steel
Glen Cook,Faded Steel Heat
Glen Cook,Lord of the Silent Kingdom
Glen Cook,Old Tin Sorrows
Glen Cook,Petty Pewter Gods
Glen Cook,Red Iron Nights
Glen Cook,Shadow Games
Glen Cook,Shadowline
Glen Cook,She Is the Darkness
Glen Cook,Starfishers
Glen Cook,Surrender to the Will of the Night
Glen Cook,Sweet Silver Blues
Glen Cook,The Black Company
Glen Cook,The Silver Spike
Glen Cook,The Tyranny of the Night
Glen Cook,The White Rose
Glen Cook,Warlock
Glen Cook,Whispering Nickel Idols
Glenda Larke,Stormlord Rising
Glenda Larke,The Last Stormlord
Graham Vickers,Chasing Lolita - How Popular Culture Corrupted Nabokov's Little Girl
Greg Bear,Anvil of Stars
Greg Bear,Halo Cryptum
Greg Bear,Heads
Greg Bear,Legacy
Greg Bear,The Forge of God
Greg Bear,The Infinity Concerto
Greg Bear,The Way of All Ghosts
Gregory Maguire,A Lion Among Men
Gregory Maguire,Lost
Gregory Maguire,Matchless - A Christmas Story
Gregory Maguire,Son of a Witch
Gregory Maguire,What-the-Dickens - The Story of a Rogue Tooth Fairy
Gregory Maguire,Wicked - The Life and Times of the Wicked Witch of the West
Helen Dunmore,A Spell of Winter
Helen Simonson,Major Pettigrew's Last Stand
Henry H. Neff,The Fiend and the Forge
Henry H. Neff,The Hound of Rowan
Henry H. Neff,The Second Siege
Herbert Loma,The Year of the Hare
Hugh Howey,Wool Omnibus Edition
Iain Banks,A Song of Stone
Iain Banks,Against a Dark Background
Iain Banks,Complicity
Iain Banks,The Crow Road
Iain Banks,The Wasp Factory
Iain Banks,Walking on Glass
Iain Banks,Whit
Iain M. Banks,Consider Phlebas
Iain M. Banks,The Player of Games
Iain M. Banks,The State of the Art
Iain M. Banks,Use of Weapons
Iain M. Banks,Excession
Iain M. Banks,Inversions
Iain M. Banks,Look to Windward
Ian McEwan,Atonement
Ilona Andrews,Curran 01 - Magic Strikes
Ilona Andrews,Kate Daniels 05 - Magic Breaks
Ilona Andrews,On the Edge
J. K. Rowling,Harry Potter 01 - Philosopher's Stone
J. K. Rowling,Harry Potter 02 - Chamber of Secrets
J. K. Rowling,Harry Potter 03 - Prisoner of Azkaban
J. K. Rowling,Harry Potter 04 - Goblet of Fire
J. K. Rowling,Harry Potter 05 - Order of the Phoenix
J. K. Rowling,Harry Potter 06 - Half-Blood Prince
J. K. Rowling,Harry Potter 07 - Deathly Hallows
J. K. Rowling,Quidditch Through the Ages
J. K. Rowling,The Tales of Beedle the Bard
J.R. Ward,Covet
J.R. Ward,Crave
J.R. Ward,Father Mine - Zsadist and Bella's Story
J.R.R. Tolkien,The Children of Hurin
J.R.R. Tolkien,The Fellowship of the Ring
J.R.R. Tolkien,The Hobbit
J.R.R. Tolkien,The Legend of Sigurd and Gudrun
J.R.R. Tolkien,The Lord of the Rings
J.R.R. Tolkien,The Return of the King
J.R.R. Tolkien,The Two Towers
Jack Campbell,The Lost Fleet 01 - Dauntless
Jack Campbell,The Lost Fleet 02 - Fearless
Jack Campbell,The Lost Fleet 03 - Courageous
Jack Campbell,The Lost Fleet 04 - Valiant
Jack Campbell,The Lost Fleet 06 - Victorious
Jack Dann,Ghosts by Gaslight
Jack Ketchum,Book of Souls
Jack Ketchum,Broken on the Wheel of Sex
Jack Ketchum,Cover
Jack Ketchum,Hide and Seek
Jack Ketchum,Joyride
Jack Ketchum,Off Season
Jack Ketchum,Offspring
Jack Ketchum,She Wakes
Jack Ketchum,Stranglehold
Jack Ketchum,The Crossings
Jack Ketchum,The Girl Next Door
Jack Ketchum,The Passenger
Jacqueline Carey,Banewreaker
Jacqueline Carey,Godslayer
Jacqueline Carey,Kushiel's Avatar
Jacqueline Carey,Kushiel's Chosen
Jacqueline Carey,Kushiel's Dart
Jacqueline Carey,Kushiel's Justice
Jacqueline Carey,Kushiel's Mercy
Jacqueline Carey,Kushiel's Scion
Jacqueline Carey,Naamah's Curse
Jacqueline Carey,Naamah's Kiss
Jacqueline Carey,The Final Testament of the Holy Bible
James Dashner,The Maze Runner
James Dashner,The Scorch Trials
James Dashner,The Death Cure
James Dashner,The Kill Order
James Patterson,Alex Cross 01 - Along Came a Spider
James Patterson,Alex Cross 02 - Kiss the Girls
James Patterson,Alex Cross 03 - Jack & Jill
James Patterson,Alex Cross 04 - Cat & Mouse
James Patterson,Alex Cross 05 - Pop Goes the Weasel
James Patterson,Alex Cross 06 - Roses are Red
James Patterson,Alex Cross 07 - Violets Are Blue
James Patterson,Alex Cross 08 - Four Blind Mice
James Patterson,Alex Cross 09 - The Big Bad Wolf
James Patterson,Alex Cross 10 - London Bridges
James Patterson,Alex Cross 11 - Mary
James Patterson,Alex Cross 12 - Cross
James Patterson,Alex Cross 13 - Double Cross
James Patterson,Alex Cross 14 - Cross Country
James Patterson,Alex Cross 15 - Alex Cross's Trial
James Patterson,Alex Cross 16 - I
James Patterson,Alex Cross 17 - Cross Fire
James Patterson,Alex Cross 18 - Kill Alex Cross
Jamie Ford,Hotel on the Corner of Bitter and Sweet
Jan Philipp Sendker,The Art of Hearing Heartbeats
Jane Yolen,Slipping Sideways Through Eternity
Jane Yolen,The Quiet Monk
Jane Yolen,The Sleep of Trees
Janet Evanovich,One for the Money
Jaycee Lee Dugard,A Stolen Life - A Memoir
Jaye Wells,Red Headed Stepchild
Jaye Wells,The Mage in Black
Jean Johnson,A Soldier's Duty
Jean Johnson,An Officer's Duty
Jean Kwok,Girl in Translation
Jeaniene Frost,At Grave's End
Jeaniene Frost,Destined for an Early Grave
Jeaniene Frost,Eternal Kiss of Darkness
Jeaniene Frost,First Drop of Crimson
Jeaniene Frost,Halfway to the Grave
Jeaniene Frost,Haunted by Your Touch
Jeaniene Frost,One Foot in the Grave
Jeaniene Frost,Unbound
Jeaniene Frost,Weddings From Hell
Jeanne C. Stein,Anna Strong 01
Jeanne C. Stein,Anna Strong 02
Jeanne C. Stein,Legacy
Jeanne DuPrau,City of Ember 01
Jeanne Ray,Eat Cake
Jeanne Ray,Julie and Romeo
Jeanne Ray,Step-Ball-Change
Jeannette Walls,The Glass Castle
Jeff Hirsch,The Eleventh Plague
Jefferson Bass,Carved in Bone
Jefferson Bass,Flesh and Bone
Jefferson Bass,The Bone Thief
Jefferson Bass,The Bone Yard
Jefferson Bass,The Devil's Bones
Jefferson Bass,Bones of Betrayal
Jeffrey Eugenides,Middlesex
Jenna Blum,Those Who Save Us
Jenna Miscavige Hill,Beyond Belief
Jennifer Estep,Spider's Bite
Jennifer Estep,Spider's Revenge
Jennifer Estep,By a Thread
Jennifer Estep,Deadly Sting
Jennifer Estep,Karma Girl
Jennifer Estep,Venom
Jeri Smith-Ready,Bad to the Bone
Jeri Smith-Ready,Eyes of Crow
Jeri Smith-Ready,Reawakened
Jeri Smith-Ready,Requiem for the Devil
Jeri Smith-Ready,Voice of Crow
Jim Butcher,Academ's Fury
Jim Butcher,Captain's Fury
Jim Butcher,Changes
Jim Butcher,Cursor's Fury
Jim Butcher,First Lord's Fury
Jim Butcher,Furies of Calderon
Jim Butcher,Princeps' Fury
Jim Butcher,Side Jobs - Stories from the Dresden Files
Jim Butcher,Dresden Files 05 - Death Masks
Jim Butcher,Dresden Files 06 - Blood Rites
Jim Butcher,Dresden Files 07 - Dead Man's Deal
Jim Butcher,Dresden Files 08 - Proven Guilty
Jim Butcher,Dresden Files 09 - White Night
Jim Butcher,Dresden Files 11 - Small Favor
Jim Butcher,Dresden Files 12 - Changes
Jim Fergus,One Thousand White Women
Jocelynn Drake,Dawnbreaker
Jocelynn Drake,Dayhunter
Jocelynn Drake,Nightwalker
Jocelynn Drake,Pray for Dawn
Jocelynn Drake,Wait for Dusk
Jodi Picoult,Change of Heart
Jodi Picoult,Lone Wolf
Jodi Picoult,My Sister's Keeper
Jodi Picoult,The Tenth Circle
Joe Hill,20th Century Ghosts
Joe Hill,Heart-Shaped Box
Joe Hill,Horns
John Flanagan,Ranger's Apprentice 01 - The Ruins of Gorlan
John Flanagan,Ranger's Apprentice 02 - The Burning Bridge
John Flanagan,Ranger's Apprentice 03 - The Icebound Land
John Flanagan,Ranger's Apprentice 04 - The Battle for Skandia
John Flanagan,Ranger's Apprentice 05 - The Sorcerer in the North
John Flanagan,Ranger's Apprentice 06 - The Siege of Macindaw
John Flanagan,Ranger's Apprentice 07 - Erak's Ransom
John Flanagan,Ranger's Apprentice 08 - The Kings of Clonmel
John Flanagan,Ranger's Apprentice 09 - Halt's Peril
John Grisham,A Painted House
John Grisham,A Time to Kill
John Grisham,Bleachers
John Grisham,Ford County
John Grisham,Playing for Pizza
John Grisham,Skipping Christmas
John Grisham,The Abduction
John Grisham,The Appeal
John Grisham,The Associate
John Grisham,The Brethren
John Grisham,The Broker
John Grisham,The Chamber
John Grisham,The Client
John Grisham,The Confession
John Grisham,The Firm
John Grisham,The Innocent Man
John Grisham,The King of Torts
John Grisham,The Last Juror
John Grisham,The Partner
John Grisham,The Pelican Brief
John Grisham,The Rainmaker
John Grisham,The Runaway Jury
John Grisham,The Street Lawyer
John Grisham,The Summons
John Grisham,The Testament
John Irving,The Cider House Rules
John Ringo,March to the Sea
John Ringo,March to the Stars
John Saul,Black Creek Crossing
John Saul,Black Lightning
John Saul,Brainchild
John Saul,Comes the Blind Fury
John Saul,Creature
John Saul,Cry for the Strangers
John Saul,Darkness
John Saul,Faces of Fear
John Saul,Guardian
John Saul,Hellfire
John Saul,House of Reckoning
John Saul,In the Dark of the Night
John Saul,Midnight Voices
John Saul,Nathaniel
John Saul,Nightshade
John Saul,Perfect Nightmare
John Saul,Punish the Sinners
John Saul,Second Child
John Saul,Shadows
John Saul,Sleepwalk
John Saul,Suffer the Children
John Saul,The Blackstone Chronicles
John Saul,The Devil's Labyrinth
John Saul,The God Project
John Saul,The Homing
John Saul,The Manhattan Hunt Club
John Saul,The Presence
John Saul,The Right Hand of Evil
John Saul,The Unloved
John Saul,The Unwanted
John Saul,When the Wind Blows
John Scalzi,Old Man's War
Jonathan L. Howard,Johannes Cabal the Detective
Jonathan L. Howard,Johannes Cabal - The Fear Institute
Jonathan L. Howard,Johannes Cabal - The Necromancer
Juliet Marillier,Child of the Prophecy
Juliet Marillier,Cybele's Secret
Juliet Marillier,Daughter of the Forest
Juliet Marillier,Heir to Sevenwaters
Juliet Marillier,Seer of Sevenwaters
Juliet Marillier,Wolfskin
Junot Diaz,The Brief Wondrous Life of Oscar Wao
Kalayna Price,Alex Craft 01 - Grave Mercy
Kalayna Price,Alex Craft 02 - A Ghoul's Guide to Love and Murder
Kalayna Price,Alex Craft 03 - Grave Dance
Karen Chance,Anthology - On The Prowl
Karen Chance,Claimed by Shadow
Karen Chance,Curse the Dawn
Karen Chance,Embrace the Night
Karen Chance,Midnight's Daughter
Karen Chance,Touch the Dark
Karen Mahoney,The Iron Witch
Karen Marie Moning,Beyond the Highland Myst
Karen Marie Moning,Bloodfever
Karen Marie Moning,Darkfever
Karen Marie Moning,Dreamfever
Karen Marie Moning,Faefever
Karen Marie Moning,Into the Dreaming
Karen Marie Moning,Kiss of the Highlander
Karen Marie Moning,Shadowfever
Karen Marie Moning,Spell of the Highlander
Karen Marie Moning,Tapestry
Karen Marie Moning,The Highlander's Touch
Karen Marie Moning,The Immortal Highlander
Karen Marie Moning,To Tame a Highland Warrior
Karen Miller,Awakened Mage
Karen Miller,Empress Godspeaker
Karen Miller,Hammer of God
Karen Miller,The Prodigal Mage
Karen Miller,The Reluctant Mage
Karl Schroeder,The Sunless Countries
Kat Richardson,Greywalker
Kat Richardson,Poltergeist
Kat Richardson,Seawitch
Kat Richardson,Underground
Kat Richardson,Vanished
Kathleen Grissom,The Kitchen House
Katia Lief,Here She Lies
Kelley Armstrong,Bitten
Kelley Armstrong,Broken
Kelley Armstrong,Haunted
Kelley Armstrong,Living with the Dead
Kelley Armstrong,Made to Be Broken
Kelley Armstrong,Men of the Otherworld
Kelley Armstrong,No Humans Involved
Kelley Armstrong,Stolen
Kelley Armstrong,Waking the Witch
Kelley Armstrong,Women of the Otherworld
Kelly McCullough,Codespell
Kelly McCullough,Fallen Blade 01 - Swordheart
Kelly McCullough,Fallen Blade 02 - Crossed Blades
Ken Follett,The Pillars of the Earth
Khaled Hosseini,The Kite Runner
Kim Edwards,The Memory Keeper's Daughter
Kim Harrison,Anthology - Holidays are Hell
Kim Harrison,Black Magic Sanction
Kim Harrison,Dates From Hell
Kim Harrison,Dead Witch Walking
Kim Harrison,Every Which Way But Dead
Kim Harrison,Fistfull of Charms
Kim Harrison,For A Few Demons More
Kim Harrison,Good
Kim Harrison,Hotter Than Hell
Kim Harrison,OnceDead
Kim Harrison,Rachel Morgan 06 - For a Few Demons More
Kim Harrison,The Outlaw Demon Wails
Kim Harrison,White Witch
Kim Stanley Robinson,Escape from Kathmandu
Kim Stanley Robinson,Fifty Degrees Below
Kim Stanley Robinson,Forty Signs of Rain
Kim Stanley Robinson,Sixty Days and Counting
Kristine Kathryn Rusch,After the Fall
Kristine Kathryn Rusch,Assassin's Dagger
Kristine Kathryn Rusch,Children
Kristine Kathryn Rusch,Clinic
Kristine Kathryn Rusch,Coin of the Realm
Kristine Kathryn Rusch,Destiny
Kristine Kathryn Rusch,Destruction of a Goddess
Kristine Kathryn Rusch,Fate
Kristine Kathryn Rusch,Fit to Print
Kristine Kathryn Rusch,Forest for the Trees
Kristine Kathryn Rusch,Fumes
Kristine Kathryn Rusch,Ghosts
Kristine Kathryn Rusch,Harvest
Kristine Kathryn Rusch,Her Mother's Secrets
Kristine Kathryn Rusch,Homecoming
Kristine Kathryn Rusch,Improvements
Kristine Kathryn Rusch,Judgement
Kristine Kathryn Rusch,June Sixteenth at Anna's
Kristine Kathryn Rusch,Light in Whale Cove
Kristine Kathryn Rusch,Moments
Kristine Kathryn Rusch,Monuments to the Dead
Kristine Kathryn Rusch,One Small Step
Kristine Kathryn Rusch,One That Got Away
Kristine Kathryn Rusch,Paparazzi of Dreams
Kristine Kathryn Rusch,Phantom
Kristine Kathryn Rusch,Scars
Kristine Kathryn Rusch,Searching for the Familiar
Kristine Kathryn Rusch,Silence
Kristine Kathryn Rusch,Songbirds
Kristine Kathryn Rusch,Sparks in a Cold War
Kristine Kathryn Rusch,Spinning
Kristine Kathryn Rusch,Star
Kristine Kathryn Rusch,Strangeness of the Day
Kristine Kathryn Rusch,Strays
Kristine Kathryn Rusch,Substitutions
Kristine Kathryn Rusch,Thorns
Kristine Kathryn Rusch,Trains
Kristine Kathryn Rusch,Updates
Kristine Kathryn Rusch,What Fluffy Knew
Kristine Kathryn Rusch,What the Monster Saw
L.A. Banks,The Awakening
L.A. Banks,The Bitten
L.A. Banks,The Damned
L.A. Banks,The Forsaken
L.A. Banks,The Hunted
L.A. Banks,Bite the Bullet
L.A. Banks,Cursed to Death
L.A. Banks,Left for Undead
L.A. Banks,Minion
L.A. Banks,Never Cry Werewolf
L.E. Modesitt Jr.,Imager
L.E. Modesitt Jr.,Imager's Challenge
L.E. Modesitt Jr.,Imager's Intrigue
L.E. Modesitt Jr.,The Fires of Paratime
Larry Niven,A Gift From Earth
Larry Niven,A Kind of Murder
Larry Niven,A Relic of the Empire
Larry Niven,A Teardrop Falls
Larry Niven,A World Out of Time
Larry Niven,All the Bridges Rusting
Larry Niven,Arm
Larry Niven,At the Bottom of a Hole
Larry Niven,At the Core
Larry Niven,Becalmed in Hell
Larry Niven,Beowulf's Children
Larry Niven,Bigger Than Worlds
Larry Niven,Bird in the Hand
Larry Niven,Bordered in Black
Larry Niven,Building Harlequin's Moon
Larry Niven,Cloak of Anarchy
Larry Niven,Death by Ecstasy
Larry Niven,Death in a Cage
Larry Niven,Destiny's Forge
Larry Niven,Down in Flames
Larry Niven,Exercise in Speculation - The Theory and Practice of Teleportation
Larry Niven,Eye of an Octopus
Larry Niven,Flatlander
Larry Niven,Footfall
Larry Niven,For a Foggy Night
Larry Niven,Grendel
Larry Niven,How the Heroes Die
Larry Niven,In the Cellar
Larry Niven,Inferno
Larry Niven,Intent to Deceive
Larry Niven,Juggler of Worlds
Larry Niven,Kath and Quicksilver
Larry Niven,Kzin Wars
Larry Niven,Legacy of Heorot
Larry Niven,Leviathan
Larry Niven,Like Banquo's Ghost
Larry Niven,Madness Has Its Place
Larry Niven,Man-Kzin Wars VIII - Choosing Names
Larry Niven,Man of Steel Woman of Kleenex
Larry Niven,Man-Kzin Wars - Destiny's Forge
Larry Niven,Man-Kzin Wars - Inconstant Star
Larry Niven,Man-Kzin Wars II
Larry Niven,Man-Kzin Wars III
Larry Niven,Man-Kzin Wars III - The Asteroid Queen
Larry Niven,Man-Kzin Wars IV
Larry Niven,Man-Kzin Wars IVa
Larry Niven,Man-Kzin Wars IX
Larry Niven,Man-Kzin Wars V
Larry Niven,Man-Kzin Wars VI
Larry Niven,Man-Kzin Wars VII
Larry Niven,Man-Kzin Wars X - The Wunder War
Larry Niven,Man-Kzin Wars XI
Larry Niven,Man-Kzin Wars XII
Larry Niven,Moonglow
Larry Niven,More Tales from the Draco Tavern
Larry Niven,The Mote in God's Eye
Larry Niven,N-Space
Larry Niven,Not Long Before the End
Larry Niven,Oath of Fealty
Larry Niven,Passerby
Larry Niven,Plaything
Larry Niven,Procrustes
Larry Niven,Protector
Larry Niven,Reflex
Larry Niven,Ringworld
Larry Niven,Ringworld's Children
Larry Niven,Safe at Any Speed
Larry Niven,Spirals
Larry Niven,Talisman
Larry Niven,The Alibi Machine
Larry Niven,The Best of All Possible Wars
Larry Niven,The Borderlands of Sol
Larry Niven,The Burning City
Larry Niven,The Coldest Place
Larry Niven,The Deadlier Weapon
Larry Niven,The Defenceless Dead
Larry Niven,The Descent of Anansi
Larry Niven,The Ethics of Madness
Larry Niven,The Flight of the Horse
Larry Niven,The Fourth Profession
Larry Niven,The Gripping Hand
Larry Niven,The Hole Man
Larry Niven,The Integral Trees
Larry Niven,The Jigsaw Man
Larry Niven,The Last Days of the Permanent Floating Riot Club
Larry Niven,The Last Necronomicon
Larry Niven,The Lion in His Attic
Larry Niven,The Magic Goes Away
Larry Niven,The Patchwork Girl
Larry Niven,The Return of William Proxmire
Larry Niven,The Ringworld Engineers
Larry Niven,The Ringworld Throne
Larry Niven,The Smoke Ring
Larry Niven,The Soft Weapon
Larry Niven,The Theory and Practice of Time Travel
Larry Niven,The Woman in Del Rey Crater
Larry Niven,The World of Ptavvs
Larry Niven,There Is a Tide
Larry Niven,There's a Wolf in My Time Machine
Larry Niven,What Can You Say About Chocolate Covered Manhole Covers
Larry Niven,What Good is a Glass Dagger
Larry Niven,Windows of the Soul
Larry Niven,Wrong Way Street
Larry Niven,Yet Another Modest Proposal
Laura Bickle,Sparks
Laurell K. Hamilton,A Kiss of Shadows
Laurell K. Hamilton,A Lick of Frost
Laurell K. Hamilton,Bloody Bones_ Anita Blake Vampire Hunter - Laurell K. Hamilton.epub
Laurell K. Hamilton,Caress of Twilight.epub
Laurell K. Hamilton,Divine Misdemeanors - book 8 - Laurell K. Hamilton.epub
Laurell K. Hamilton,The Lunatic Cafe_ Anita Blake Vampire Hu - Laurell K. Hamilton.epub
Laurell K. Hamilton,Cerulean Sins - Laurell K. Hamilton.epub
Laurell K. Hamilton,A Stroke of Midnight.epub
Laurell K. Hamilton,Circus of the Damned_ Anita Blake Vampir - Laurell K. Hamilton.epub
Laurell K. Hamilton,A Lick of Frost.epub
Laurell K. Hamilton,Burnt Offerings_ Anita Blake Vampire Hun - Laurell K. Hamilton.epub
Laurell K. Hamilton,Obsidian Butterfly_ Anita Blake Vampire  - Laurell K. Hamilton.epub
Laurell K. Hamilton,Blue Moon_ Anita Blake Vampire Hunter - Laurell K. Hamilton.epub
Laurell K. Hamilton,Incubus Dreams_ Anita Blake Vampire Hunt - Laurell K. Hamilton.epub
Laurell K. Hamilton,The Killing Dance_ Anita Blake Vampire H - Laurell K. Hamilton.epub
Laurell K. Hamilton,Narcissus in Chains_ Anita Blake Vampire - Laurell K. Hamilton.epub
Laurell K. Hamilton,A KISS OF SHADOWS.epub
Laurell K. Hamilton,Hamilton, Laurell K. - [Abvh 14] - Danse Macabre (v4.0) (html).epub
Laurell K. Hamilton,Anita Blake Book 16 - Blood Noir - Laurell K. Hamilton.epub
Laurell K. Hamilton,Guilty Pleasures.epub
Laurell K. Hamilton,Anita Blake Book 18 - Flirt - Laurell K. Hamilton.epub
Laurell K. Hamilton,Mistral’s Kiss.epub
Laurell K. Hamilton,Seduced by Moonlight.epub
Laurell K. Hamilton,The Laughing Corpse - Laurell K. Hamilton.epub
Laurell K. Hamilton,Never After.epub
Laurell K. Hamilton,Anthology - Cravings - Laurell K Hamilton, MaryJanice Davidson, Eileen Wilks, Rebecca York.epub
Laurell K. Hamilton,Bullet - Laurell K. Hamilton.epub
Laurell K. Hamilton,Swallowing Darkness.epub
Laurell K. Hamilton,Micah - Laurell K. Hamilton.epub
Paolo Bacigalupi,The Windup Girl - Paolo Bacigalupi.epub
Paolo Bacigalupi,The Gambler - Paolo Bacigalupi.epub
Paolo Bacigalupi,The Tamarisk Hunter - Paolo Bacigalupi.epub
Paolo Bacigalupi,Pump Six and Other Stories - Paolo Bacigalupi.epub
Anya Bast,Anya Bast - Elemental Witches 02 - Witch Blood.epub
Anya Bast,Anya Bast - Dark Magick 02 - Cruel Enchantment.epub
Anya Bast,Anya Bast - Elemental Witches 04 - Witch Fury.epub
Anya Bast,Anya Bast - Elemental Witches 03 - Witch Heart.epub
Anya Bast,Anya Bast - Dark Magick 01 - Wicked Enchantment.epub
Anya Bast,Anya Bast - Elemental Witches 01 - Witch Fire.epub
Anya Bast,Anya Bast - - Chosen Sin, The.epub
Karen Marie Moning,Into the Dreaming - Karen Marie Moning.epub
Karen Marie Moning,Shadowfever - Karen Marie Moning.epub
Karen Marie Moning,The Highlander's Touch - Karen Marie Moning.epub
Karen Marie Moning,Tapestry - Lynn Kurland_ Sherrilyn Kenyon_ Madeline.epub
Karen Marie Moning,Bloodfever - Karen Marie Moning.epub
Karen Marie Moning,Dreamfever - Karen Marie Moning.epub
Karen Marie Moning,To Tame a Highland Warrior - Karen Marie Moning.epub
Karen Marie Moning,Darkfever.epub
Karen Marie Moning,Kiss of the Highlander - Karen Marie Moning.epub
Karen Marie Moning,Faefever - Karen Marie Moning.epub
Karen Marie Moning,The Immortal Highlander - Karen Marie Moning.epub
Karen Marie Moning,Beyond the Highland Myst - Karen Marie Moning.epub
Karen Marie Moning,Spell of the Highlander - Karen Marie Moning.epub
Scott Turow,Limitations - Scott Turow.epub
Scott Turow,Innocent - Scott Turow.epub
T. A. Pratt,Blood Engines.epub
Eileen Wilks,Eileen Wilks - - Entangled.epub
Eileen Wilks,Eileen Wilks Blood Challenge.epub
Eileen Wilks,Eileen Wilks - World of the Lupi 02 - Mortal Danger.epub
Eileen Wilks,Eileen Wilks - World of the Lupi 03 - Blood Lines.epub
Eileen Wilks,Eileen Wilks - World of the Lupi 01 - Tempting Danger.epub
Marina Fiorato,The Botticelli Secret - Marina Fiorato.epub
Betty Smith,A Tree Grows in Brooklyn - Betty Smith.epub
Darren Shan,Death's Shadow - Darren Shan.epub
Darren Shan,vampire's assistant, The - Darren Shan.epub
Darren Shan,Dark Calling - Darren Shan.epub
Darren Shan,The Lake of Souls - Darren Shan.epub
Darren Shan,Trials of Death - Darren Shan.epub
Darren Shan,Cirque Du Freak Book 6 - Vampire Prince - Darren Shan.epub
Darren Shan,Vampire Mountain - Darren Shan.epub
Darren Shan,Tunnels of Blood - Darren Shan.epub
Darren Shan,Allies of the Night - Darren Shan.epub
Darren Shan,Wolf Island - Darren Shan.epub
Darren Shan,Bec - Darren Shan.epub
Darren Shan,Demon Thief - Darren Shan.epub
Darren Shan,Slawter - Darren Shan.epub
Darren Shan,Darren Shan [Demonata 10] - Hell's Heroes [v5.0] [epub].epub
Darren Shan,Killers of the Dawn - Darren Shan.epub
Darren Shan,[Cirque du Freak 11] - Lord of the Shado - Darren Shan.epub
Darren Shan,Hunters of the Dusk - Darren Shan.epub
Darren Shan,Lord Loss - Darren Shan.epub
Darren Shan,Demon Apocalypse - Darren Shan.epub
Darren Shan,Blood Beast - Darren Shan.epub
Darren Shan,[Cirque Du Freak 12] - Sons of Destiny - Shan_ Darren.epub
Darren Shan,A Living Nightmare - Darren Shan.epub
Alan Dean Foster,Flinx Transcendent_ A Pip & Flinx Adventure - Alan Dean Foster.epub
Alan Dean Foster,Phylogenesis - Alan Dean Foster.epub
Alan Dean Foster,Chronicles of Riddick, The - Alan Dean Foster.epub
Alan Dean Foster,For Love of Mother-Not - Alan Dean Foster.epub
Alan Dean Foster,Mission to Moulokin - Foster_ Alan Dean.epub
Alan Dean Foster,The Dig - Alan Dean; Clark & Sean Foster.epub
Alan Dean Foster,Ghosts of Yesterday - Foster_ Alan Dean.epub
Alan Dean Foster,Into the thinking kingdoms - Alan Dean Foster.epub
Alan Dean Foster,Lost and found_ a novel - Alan Dean Foster.epub
Alan Dean Foster,Star Trek Movie Tie-In - Alan Dean Foster.epub
Alan Dean Foster,Human Blend, The - Alan Dean Foster.epub
Alan Dean Foster,Dirge - Alan Dean Foster.epub
Jennifer Estep,Widow’s Web (Elemental Assassin #7) by Jennifer Estep.epub
Jennifer Estep,Spider's Bite - Jennifer Estep.epub
Jennifer Estep,Jennifer Estep - Karma Girl - Karma Girl.epub
Jennifer Estep,Web of Lies (Elemental Assassin #2) by Jennifer Estep.epub
Jennifer Estep,Web of Death (Elemental Assassin #1.5) by Jennifer Estep.epub
Jennifer Estep,Deadly Sting (Elemental Assassin #8) by Jennifer Estep.epub
Jennifer Estep,Thread of Death (Elemental Assassin #5.5) by Jennifer Estep.epub
Jennifer Estep,Tangled Threads (Elemental Assassin #4) by Jennifer Estep.epub
Jennifer Estep,Spider's Bargain (Elemental Assassin #0.5) by Jennifer Estep.epub
Jennifer Estep,Spider’s Revenge (Elemental Assassin #5) by Jennifer Estep.epub
Jennifer Estep,By a Thread (Elemental Assassin #6) by Jennifer Estep.epub
Jennifer Estep,Estep, Jennifer - Web Of Lies (2010).epub
Jennifer Estep,Wasted (Elemental Assassin #2.7) by Jennifer Estep.epub
Jennifer Estep,Web of Deceit (Elemental Assassin #2.5) by Jennifer Estep.epub
Jennifer Estep,Venom - Jennifer Estep.epub
Jennifer Estep,Poison (Elemental Assassin #2.6) by Jennifer Estep.epub
Dexter Palmer,The Dream of Perpetual Motion - Dexter Palmer.epub
Sofi Oksanen,Purge - Sofi Oksanen.epub
Cassandra Clare,Clockwork Angel - Cassandra Clare.epub
Cassandra Clare,City of Ashes - Cassandra Clare.epub
Cassandra Clare,City Of Glass - Cassandra Clare.epub
Cassandra Clare,Clare, Cassandra - [Mortal Instruments]  - Mortal Instruments 1- City of Bones.epub
Cherie Priest,Cherie Priest Bloodshot.epub
Roger Rosenblatt,Making Toast - Roger Rosenblatt.epub
Felix Gilman,Thunderer - Felix Gilman.epub
Felix Gilman,The Half-Made World - Felix Gilman.epub
Dan Ariely,THE IRRATIONAL BUNDLE - Dan Ariely.epub
Samantha Harvey,The Wilderness - Samantha Harvey.epub
E.E. Knight,Vampire Earth 08 - Winter Duty.epub
E.E. Knight,Vampire Earth 05 - Valentine's Exile.epub
E.E. Knight,Vampire Earth 04 - Valentine's Rising.epub
E.E. Knight,Age of Fire 04 - Dragon Strike.epub
E.E. Knight,Vampire Earth 03 - Tale Of The Thunderbolt.epub
E.E. Knight,Vampire Earth 06 - Valentine's Resolve.epub
E.E. Knight,Vampire Earth 01 - Way of the Wolf.epub
E.E. Knight,Vampire Earth 07 - Fall with Honor.epub
E.E. Knight,Vampire Earth 02 - Choice Of The Cat.epub
E.E. Knight,Vampire Earth 09 - March in Country.epub
E.E. Knight,Dragon Rule - E. E. Knight.epub
Rick Riordan,Rebel Island - Rick Riordan.epub
Rick Riordan,The Sea of Monsters - Rick Riordan.epub
Rick Riordan,The Lightning Thief - Rick Riordan.epub
Rick Riordan,The Heroes of Olympus - Rick Riordan.epub
Rick Riordan,Percy Jackson and the Last Olympian - Rick Riordan.epub
Rick Riordan,The Red Pyramid - Rick Riordan.epub
Rick Riordan,Rick Riordan - Heroes of Olympus 02 - Son of Neptune, The.epub
Rick Riordan,The Titan's Curse - Rick Riordan.epub
Rick Riordan,Cold Springs - Rick Riordan.epub
Rick Riordan,The Battle of the Labyrinth - Rick Riordan.epub
Rick Riordan,Rick Riordan - Percy Jackson and the Olympians 05 - Last Olympian, The.epub
Rick Riordan,Mission road - Rick Riordan.epub
Rick Riordan,Rick Riordan - Kane Chronicles 02 - Throne of Fire, The.epub
Rick Riordan,Riordan, Rick - Heroes Of Olympus 01 - the Lost Hero (2010).epub
Donna Ball,A Year on Ladybug Farm - Donna Ball.epub
Donna Ball,At Home on Ladybug Farm - Donna Ball.epub
Donna Ball,Love Letters from Ladybug Farm - Donna Ball.epub
Stephen R. Donaldson,Lord Foul's bane - Stephen Donaldson.epub
Stephen R. Donaldson,Stephen R. Donaldson - The Gap 04 - The Gap Into Madness.epub
Stephen R. Donaldson,Chaos and Order_ The Gap Into Madness - Stephen R. Donaldson.epub
Stephen R. Donaldson,Stephen R. Donaldson - The Gap 03 - The Gap Into Power.epub
Stephen R. Donaldson,Against All Things Ending (The Last Chro - Stephen R. Donaldson.epub
Stephen R. Donaldson,This Day All Gods Die - STEPHEN R. DONALDSON.epub
Stephen R. Donaldson,Stephen R. Donaldson - The Gap 05 - The Gap into Ruin.epub
Stephen R. Donaldson,Real Story_ The Gap Into Conflict, The - Stephen R. Donaldson.epub
Stephen R. Donaldson,Stephen R. Donaldson - The Gap 02 - The Gap Into Vision.epub
SHERYL SANDBERG,LEAN IN - Sheryl Sandberg.epub
Naomi Klein,The Shock Doctrine - The Rise of Disaste - Naomi Klein.epub
Jack Campbell,Jack Campbell - The Lost Fleet 03 - Courageous.epub
Jack Campbell,Jack Campbell - The Lost Fleet 02 - Fearless.epub
Jack Campbell,Jack Campbell - The Lost Fleet 01 - Dauntless.epub
Jack Campbell,Relentless (The Lost Fleet, Book 5) - Jack Campbell.epub
Jack Campbell,Jack Campbell - The Lost Fleet 04 - Valiant.epub
Jack Campbell,Jack Campbell - The Lost Fleet 06 - Victorious.epub
Anna Funder,All That I Am - Anna Funder.epub
Stieg Larsson,Stieg Larsson - Millennium 03 - Girl Who Kicked the Hornets Nest, The.epub
Stieg Larsson,Stieg Larsson - Millennium 02 - The Girl Who Played With Fire.epub
Stieg Larsson,The Girl With the Dragon Tattoo - Stieg Larsson.epub
Anne Bishop,Anne Bishop - Tir Alainn 03 - The House Of Gaian.epub
Anne Bishop,Anne Bishop - Black Jewels - Twilight's Dawn.epub
Anne Bishop,Anne Bishop - Tir Alainn 01 - The Pillars Of The World.epub
Anne Bishop,Anne Bishop - Black Jewels 06 - The Shadow Queen.epub
Anne Bishop,Anne Bishop - Ephemera 02 - Belladonna.epub
Anne Bishop,Anne Bishop - Black Jewels 01 - Daughter of the Blood.epub
Anne Bishop,Anne Bishop - Black Jewels 04 - The Invisible Ring.epub
Anne Bishop,Anne Bishop - Ephemera 01 - Sebastian.epub
Anne Bishop,Anne Bishop - Tir Alainn 02 - Shadows And Light.epub
Anne Bishop,Anne Bishop - Black Jewels 03 - Queen of the Darkness.epub
Anne Bishop,Anne Bishop - Black Jewels 07 - Shalador's Lady.epub
Anne Bishop,Anne Bishop - Black Jewels 02 - Heir to the Shadows.epub
Anne Bishop,Anne Bishop - Black Jewels - Dreams Made Flesh.epub
Anne Bishop,Anne Bishop - Black Jewels 05 - Tangeled Webs.epub
Stephen King,11_22_63 - Stephen King.epub
Jenna Blum,Those Who Save Us - Jenna Blum.epub
John Flanagan,02_Burning_Bridge,_The_-_John_Flanagan.epub
John Flanagan,05_Sorcerer_of_the_North,_The_-_John_Flanagan.epub
John Flanagan,03_Icebound_Land,_The_-_John_Flanagan.epub
John Flanagan,06_Siege_of_Macindaw,_The_-_John_Flanagan.epub
John Flanagan,04_Battle_for_Skandia,_The_-_John_Flanagan.epub
John Flanagan,07_Erak's_Ransom_-_John_Flanagan.epub
John Flanagan,08_Kings_of_Clonmel,_The_-_John_Flanagan.epub
John Flanagan,01_Ruins_of_Gorlan,_The_-_John_Flanagan.epub
John Flanagan,09_Halt's_Peril_-_John_Flanagan.epub
Jim Fergus,One Thousand White Women_ The Journals o - Jim Fergus.epub
Lois McMaster Bujold,Bujold, Lois Mcmaster - Chalion 1 - The Curse Of Chalion.epub
Lois McMaster Bujold,Bujold, Lois McMaster - Vorkosigan 11 - Mirror Dance.epub
Lois McMaster Bujold,Bujold, Lois McMaster - Vorkosigan 12 - Memory.epub
Lois McMaster Bujold,Bujold, Lois McMaster - Vorkosigan 04, 8.5 & 09 - Borders of Infinity.epub
Lois McMaster Bujold,Bujold, Lois Mcmaster - Sharing Knife 03 - Passage.epub
Lois McMaster Bujold,Bujold, Lois McMaster - Vorkosigan 16 - Cryoburn.epub
Lois McMaster Bujold,Bujold, Lois McMaster - The Spirit Ring.epub
Lois McMaster Bujold,Brothers in Arms - Lois McMaster Bujold.epub
Lois McMaster Bujold,Bujold, Lois McMaster - Vorkosigan 14 - Diplomatic Immunity.epub
Lois McMaster Bujold,Bujold, Lois Mcmaster - Chalion 2 - Paladin of Souls.epub
Lois McMaster Bujold,Bujold, Lois McMaster - Vorkosigan 03 - Shards of Honor.epub
Lois McMaster Bujold,Bujold, Lois McMaster - Vorkosigan 10 - Brothers in Arms.epub
Lois McMaster Bujold,Bujold, Lois McMaster - Vorkosigan 13 - Komarr.epub
Lois McMaster Bujold,Bujold, Lois McMaster - Vorkosigan 01 - Falling Free.epub
Lois McMaster Bujold,Bujold, Lois McMaster - Vorkosigan 05 - The Warriors Apprentice.epub
Lois McMaster Bujold,Bujold, Lois McMaster - Vorkosigan 02 - Barrayar.epub
Lois McMaster Bujold,Bujold, Lois McMaster - Vorkosigan 07 - Cetaganda.epub
Lois McMaster Bujold,Bujold, Lois Mcmaster - Sharing Knife 01 - Beguilement.epub
Lois McMaster Bujold,Bujold, Lois Mcmaster - Sharing Knife 02 - Legacy.epub
Lois McMaster Bujold,Bujold, Lois McMaster - Vorkosigan 08 - Ethan of Athos.epub
Lois McMaster Bujold,Bujold, Lois McMaster - Vorkosigan 06 - The Vor Game.epub
J.R.R. Tolkien,The Two Towers - J. R. R. Tolkien.epub
J.R.R. Tolkien,The Legend of Sigurd and Gudrun - J. R. R. Tolkien.epub
J.R.R. Tolkien,The Silmarillion - J. R. R. Tolkien.epub
J.R.R. Tolkien,The Lord of the Rings - J. R. R. Tolkien.epub
J.R.R. Tolkien,The Hobbit_ Or There and Back Again - J. R. R. Tolkien.epub
J.R.R. Tolkien,The Return of the King - J. R. R. Tolkien.epub
J.R.R. Tolkien,The Children of Hurin - J. R. R. Tolkien.epub
J.R.R. Tolkien,The Fellowship of the Ring - J. R. R. Tolkien.epub
Robert Massie,Robert K. Massie - Catherine the Great_ Portrait _man (v5.0).epub
Mitch Albom,The Five People You Meet in Heaven - Mitch Albom.epub
Richard Yates,Revolutionary Road - Richard Yates.epub
Christopher Moore,Fool - Christopher Moore.epub
Janet Evanovich,One for the Money - Janet Evanovich.epub
Ian Mcewan,Atonement - Ian Mcewan.epub
Women in SciFi Story Bundle,Near - Cat Rambo.epub
Women in SciFi Story Bundle,The Phoenix Code - Catherine Asaro.epub
Women in SciFi Story Bundle,Strong Arm Tactics - Jody Lynn Nye.epub
Women in SciFi Story Bundle,Stars - The Anthology - edited by Janis Ian and Mike Resnick.epub
Women in SciFi Story Bundle,The Diving Bundle - Kristine Kathryn Rusch.epub
Women in SciFi Story Bundle,Forgotten Suns - Judith Tarr.epub
Women in SciFi Story Bundle,Recovering Apollo 8 - Kristine Kathryn Rusch.epub
Women in SciFi Story Bundle,Crossfire - Nancy Kress.epub
Women in SciFi Story Bundle,Starfarers - Vonda N. McIntyre.epub
Women in SciFi Story Bundle,Memory - Linda Nagata.epub
Sue Monk Kidd,The Secret Life of Bees - Sue Monk Kidd.epub
C. S. Lewis,The Lion, the Witch and the Wardrobe - C. S. Lewis.epub
C. S. Lewis,Space Trilogy 2 - Perelandra - Lewis_ C.S_.epub
C. S. Lewis,The voyage of the Dawn Treader - C. S. Lewis.epub
C. S. Lewis,Screwtape letters ; with, Screwtape prop - C. S. Lewis.epub
C. S. Lewis,A Grief Observed - C. S. Lewis.epub
C. S. Lewis,Perelandra - C. S. Lewis.epub
C. S. Lewis,Mere Christianity - C. S. Lewis.epub
C. S. Lewis,silver chair, The - C. S. Lewis.epub
C. S. Lewis,Space Trilogy 1 - Out Of The Silent Plan - Lewis_ C.S_.epub
C. S. Lewis,Prince Caspian - C. S. Lewis.epub
C. S. Lewis,That Hideous Strength - C. S. Lewis.epub
C. S. Lewis,Space Trilogy 3 - That Hideous Strength - Lewis_ C.S_.epub
C. S. Lewis,Last Battle - C. S. Lewis.epub
C. S. Lewis,magician's nephew, The - C. S. Lewis.epub
C. S. Lewis,Out of the Silent Planet - C. S. Lewis.epub
C. S. Lewis,horse and his boy, The - C. S. Lewis.epub
Lauren Kate,Fallen - Lauren Kate.epub
Lauren Kate,Torment - Lauren Kate.epub
Lauren Kate,The Fallen Sequence_ An Omnibus Edition - Lauren Kate.epub
Glen Cook,Whispering nickel idols_ a Garrett, P.I_ - Glen Cook.epub
Glen Cook,Stars End - Glen Cook.epub
Glen Cook,The Silver spike - Glen Cook.epub
Glen Cook,Cold copper tears - Glen Cook.epub
Glen Cook,Shadowline - Glen Cook.epub
Glen Cook,Doomstalker - Glen Cook.epub
Glen Cook,Bitter Gold Hearts - Glen Cook.epub
Glen Cook,Lord of the Silent Kingdom - Glen Cook.epub
Glen Cook,Soldiers Live - Glen Cook.epub
Glen Cook,The Tyranny of the Night - Glen Cook.epub
Glen Cook,Surrender to the Will of the Night - Glen Cook.epub
Glen Cook,Starfishers_ the starfishers trilogy - Glen Cook.epub
Glen Cook,Angry Lead Skies - Glen Cook.epub
Glen Cook,Shadow Games_ The Fourth Chronicles of t - Glen Cook.epub
Glen Cook,Warlock - Glen Cook.epub
Glen Cook,Ceremony - Glen Cook.epub
Glen Cook,Old tin sorrows - Glen Cook.epub
Glen Cook,Shadows Linger - Glen Cook.epub
Glen Cook,Dreams of Steel - Glen Cook.epub
Glen Cook,Cook, Glen - Gilded Latten Bones (a Garrett, Pi) (2010).epub
Glen Cook,Water Sleeps - Glen Cook.epub
Glen Cook,Cook, Glen - a Chronicles Of a Dread Emp - an Empire Unacquainted with Defeat (2010).epub
Glen Cook,She Is The Darkness - Glen Cook.epub
Glen Cook,Deadly Quicksilver Lies - Glen Cook.epub
Glen Cook,Bleak Seasons - Glen Cook.epub
Glen Cook,The Swordbearer - Glen Cook.epub
Glen Cook,The Black Company - Glen Cook.epub
Glen Cook,Red Iron Nights - Glen Cook.epub
Glen Cook,Faded Steel Heat - Glen Cook.epub
Glen Cook,The White Rose_ A Novel of the Black Com - Glen Cook.epub
Glen Cook,Petty Pewter Gods - Glen Cook.epub
Glen Cook,Sweet Silver Blues - Glen Cook.epub
Glen Cook,Cruel Zinc Melodies - Glen Cook.epub
Grand Tour,Bova, Ben - GT07 - The Precipice.epub
Grand Tour,Bova, Ben - GT05 - Moonwar.epub
Grand Tour,Bova, Ben - GT10 - The Silent War.epub
Grand Tour,Bova, Ben - GT03 - Moonrise.epub
Asteroid Wars,Bova, Ben - Asteroid 3 - The Silent War.epub
Asteroid Wars,Bova, Ben - Asteroid 1 - The Precipice.epub
Standalone Novels & Omnibuses,Bova, Ben & Pogue, Bill- The Trikon Deception.epub
Standalone Novels & Omnibuses,Bova, Ben -The Exiles Trilogy.epub
Standalone Novels & Omnibuses,Bova, Ben - The Kinsman Saga Omnibus.epub
Moon,Bova, Ben -  Moon 1 - Moonrise.epub
Moon,Bova, Ben -  Moon 2 - Moonwar.epub
Orion,Bova, Ben - Orion 05 - Orion Among the Stars.epub
Orion,Bova, Ben - Orion 03 - Orion in the Dying Time.epub
Orion,Bova, Ben - Orion 01 - Orion.epub
Orion,Bova, Ben - Orion 02 - Vengeance of Orion.epub
Orion,Bova, Ben - Orion 04 - Orion and the Conqueror.epub
Ben Bova,The Trikon Deception - Ben Bova & Bill Pogue.epub
Ben Bova,The aftermath - Ben Bova.epub
Ben Bova,The Exiles Trilogy - Ben Bova.epub
Voyagers,Bova, Ben - Voyagers 3 - Star Brothers.epub
Watchmen,Bova, Ben - Watchmen 2 - The Watchmen.epub
Watchmen,The Watchmen - Ben Bova.epub
Short Fiction,Bova, Ben - SS  - Life As We Know It.epub
Short Fiction,Bova, Ben - SS  - Death On Venus.epub
Short Fiction,Bova, Ben - SS - Remember Caesar.epub
Short Fiction,Bova, Ben - SS - Cafe Coup.epub
Joe Pickett,06 - In Plain Sight.epub
Joe Pickett,Blue Heaven.epub
Joe Pickett,Cold Wind - C.J. Box.epub
Joe Pickett,10 - Nowhere to Run.epub
Joe Pickett,01 - Open Season.epub
Joe Pickett,03 - Winterkill.epub
Joe Pickett,04 - Trophy Hunt.epub
Joe Pickett,05 - Out of Range.epub
Joe Pickett,07 - Free Fire.epub
Joe Pickett,08 - Blood Trail.epub
Joe Pickett,09 - Below Zero.epub
Joe Pickett,02 - SAVAGE RUN.epub
Edgar Rice Burroughs,Tarzan the Terrible - Edgar Rice Burroughs.epub
Edgar Rice Burroughs,The Master Mind of Mars - Edgar Rice Burroughs.epub
Edgar Rice Burroughs,The Lost Continent (Webster's French Thesaurus Edition) - Edgar Rice Burroughs.epub
Edgar Rice Burroughs,The Girl from Farris's - Edgar Rice Burroughs.epub
Edgar Rice Burroughs,John Carter of Mars - Volume 3 - the Chessmen of Mars - Edgar Rice Burroughs.epub
Edgar Rice Burroughs,Gods of Mars (Webster's French Thesaurus Edition) - Edgar Rice Burroughs.epub
Edgar Rice Burroughs,The People That Time Forgot - Edgar Rice Burroughs & Ken Mattern, eBook creation.epub
Edgar Rice Burroughs,Naked Lunch - William S. Burroughs.epub
Edgar Rice Burroughs,Tarzan of the Apes_ Three Complete Nivels - Edgar Rice Burroughs.epub
Edgar Rice Burroughs,Thuvia Maid of Mars (Webster's French Thesaurus Edition) - Edgar Rice Burroughs.epub
Edgar Rice Burroughs,John Carter of Mars Vol. 4_ A Fighting Man of Mars & Swords of Mars - Edgar Rice Burroughs.epub
Edgar Rice Burroughs,The Man-Eater - Edgar Rice Burroughs.epub
Edgar Rice Burroughs,The Monster Men (Webster's French Thesaurus Edition) - Edgar Rice Burroughs.epub
Edgar Rice Burroughs,At the Earth's Core (Webster's French Thesaurus Edition) - Edgar Rice Burroughs.epub
Edgar Rice Burroughs,SWORDS OF MARS - Edgar Rice Burroughs.epub
Edgar Rice Burroughs,Tanar of Pellucidar - Edgar Rice Burroughs & Paul Cook.epub
Edgar Rice Burroughs,Out Of Time's Abyss - Edgar Rice Burroughs.epub
Edgar Rice Burroughs,The Efficiency Expert (Webster's French Thesaurus Edition) - Edgar Rice Burroughs.epub
Edgar Rice Burroughs,Synthetic Men of Mars - Edgar Rice Burroughs.epub
Edgar Rice Burroughs,The eternal savage_ Nu of the Neocene - Edgar Rice Burroughs & Tom Deitz.epub
Edgar Rice Burroughs,The Cave Girl (Dodo Press) - Edgar Rice Burroughs.epub
Edgar Rice Burroughs,The Outlaw of Torn - Edgar Rice Burroughs.epub
Edgar Rice Burroughs,The Land That Time Forgot - Edgar Rice Burroughs.epub
Edgar Rice Burroughs,John Carter of Mars Vol. 5_ Synthetic Men of Mars & Llana of Gathol - Edgar Rice Burroughs.epub
Edgar Rice Burroughs,Savage Pellucidar - Edgar Rice Burroughs & James Allen St. John & Harry Turtledove.epub
Edgar Rice Burroughs,The Warlord of Mars, Large-Print Edition - Edgar Rice Burroughs.epub
Edgar Rice Burroughs,The Chessmen of Mars (Webster's French Thesaurus Edition) - Edgar Rice Burroughs.epub
Edgar Rice Burroughs,The Complete Moon Trilogy_ The Moon Maid, the Moon Men & the Red Hawk - Edgar Rice Burroughs.epub
Edgar Rice Burroughs,A princess of Mars - Edgar Rice Burroughs.epub
Edgar Rice Burroughs,The beasts of Tarzan ; The son of Tarzan - Edgar Rice Burroughs.epub
Edgar Rice Burroughs,The Chessmen of Mars - Edgar Rice Burroughs.epub
Edgar Rice Burroughs,The Return Of Tarzan - Edgar Rice Burroughs.epub
Ransom Riggs,Miss Peregrine's Home for Peculiar Child - Ransom Riggs.epub
Chasing Lolita_ how popular culture corrupted Nabokov's little girl all over again (55),Chasing Lolita_ how popular culture corrupted Nabokov's little girl all over again - Graham Vickers.epub
Nancy Holder,Son Of The Sea - Son Of The Sea.epub
Nancy Holder,Saving Grace_ Tough Love - Nancy Holder.epub
Nancy Holder,Nancy Holder - Crusade.epub
Nancy Holder,Son Of The Shadows - Son Of The Shadows.epub
Nancy Holder,Daughter Of Flames - Daughter Of Flames.epub
Nancy Holder,Daughter Of The Blood - Daughter Of The Blood.epub
Nancy Holder,Possessions - Holder, Nancy.epub
Nancy Holder,Nancy Holder - The Evil Within.epub
Cody McFayden,The Darker Side - Cody McFadyen.epub
Cody McFayden,Abandoned_ A Thriller - Cody McFadyen.epub
Cody McFayden,Shadow Man - Cody McFadyen.epub
Cody McFayden,The Face of Death - Cody McFadyen.epub
Karl Schroeder,Karl Schroeder - [Virga 04] - The Sunless Countries (v5.0) (epub).epub
Jan Philipp Sendker,The Art of Hearing Heartbeats - Sendker, Jan-Philipp.epub
Mary Lawson,Crow Lake - Mary Lawson.epub
Ilona Andrews,Magic Bleeds - Ilona Andrews.epub
Ilona Andrews,Under Her Skin - Jeaniene Frost_ Ilona Andrews_ Meljean B.epub
Ilona Andrews,Must Love Hellhounds - Ilona Andrews & Charlaine Harris & Nalini Singh & Meljean Brook.epub
Ilona Andrews,Bayou Moon - Ilona Andrews.epub
Ilona Andrews,Magic Burns - Ilona Andrews.epub
Ilona Andrews,Ilona Andrews - Kate Daniels 05 - Magic Slays.epub
Ilona Andrews,Magic Rises - Andrews, Ilona.epub
Ilona Andrews,Magic Bites - Ilona Andrews.epub
Ilona Andrews,Silent Blade - Ilona Andrews.epub
Ilona Andrews,On the Edge - Ilona Andrews.epub
Ilona Andrews,Curran Volume 1 - Andrews_ Ilona; Andrews_ Gordon.epub
Ilona Andrews,Questing Beast - Ilona Andrews.epub
Ilona Andrews,Magic Strikes - Ilona Andrews.epub
Kathryn Stockett,The Help - Kathryn Stockett.epub
William Hill,Department 19 - William Hill.epub
Sara Shepard,Sara Shepard - Pretty Little Liars 07 - Heartless.epub
Sara Shepard,Sara Shepard - Pretty Little Liars 01 - Pretty Little Liars.epub
Sara Shepard,Sara Shepard - Pretty Little Liars 03 - Perfect.epub
Sara Shepard,Sara Shepard - Pretty Little Liars 05 - Wicked.epub
Sara Shepard,Sara Shepard - Lying Game 01 - Lying Game, The.epub
Sara Shepard,Sara Shepard - Pretty Little Liars 06 - Killer.epub
Sara Shepard,Sara Shepard - Pretty Little Liars 08 - Wanted.epub
Sara Shepard,Sara Shepard - Lying Game 02 - Never Have I Ever.epub
Sara Shepard,Sara Shepard - Pretty Little Liars 04 - Unbelievable.epub
Sara Shepard,Sara Shepard - Pretty Little Liars 10 - Ruthless.epub
Sara Shepard,Sara Shepard - Pretty Little Liars 02 - Flawless.epub
Madeline Ashby,Madeline Ashby - [Machine Dynasty 01] - vN (epub).epub
Seanan Mcguire,Late Eclipses [October Daye 4] - Seanan Mcguire.epub
Seanan Mcguire,One Salt Sea [October Daye 5] - Seanan Mcguire.epub
Seanan Mcguire,Seanan Mcguire - October Daye 03 - Artificial Night, An.epub
Seanan Mcguire,Seanan Mcguire - October Daye 01 - Rosemary and Rue.epub
Seanan Mcguire,Seanan Mcguire - October Daye 02 - Local Habitation, A.epub
Audrey Niffenegger,The Time Traveler's Wife - Audrey Niffenegger.epub
Kim Stanley Robinson,Forty signs of rain - Kim Stanley Robinson.epub
Kim Stanley Robinson,Fifty Degrees Below - Kim Stanley Robinson.epub
Kim Stanley Robinson,Escape from Kathmandu - Kim Stanley Robinson.epub
Kim Stanley Robinson,Robinson, Kim Stanley - SS Coll - The Best of Kim Stanley Robinson.epub
Kim Stanley Robinson,Sixty days and counting - Kim Stanley Robinson.epub
Jaycee Lee Dugard,A Stolen Life_ A Memoir - Jaycee Lee Dugard.epub
David Baldacci,The Christmas Train - David Baldacci.epub
Donald Ray Pollock,Knockemstiff - Donald Ray Pollock.epub
Donald Ray Pollock,The Devil All the Time - Donald Ray Pollock.epub
Lemony Snicket,A Series of Unfortunate Events #13_ The - Lemony Snicket.epub
Lemony Snicket,A Series of Unfortunate Events #5_ The A - Lemony Snicket.epub
Lemony Snicket,A Series of Unfortunate Events #1_ The b - Lemony Snicket.epub
Lemony Snicket,A Series of Unfortunate Events #12_ The - Lemony Snicket.epub
Lemony Snicket,A Series of Unfortunate Events #6_ The E - Lemony Snicket.epub
Lemony Snicket,A Series of Unfortunate Events #8_ The H - Lemony Snicket.epub
Lemony Snicket,A Series of Unfortunate Events #10_ The - Lemony Snicket.epub
Lemony Snicket,A Series of Unfortunate Events #2_ The R - Lemony Snicket.epub
Lemony Snicket,A Series of Unfortunate Events #7_ The V - Lemony Snicket.epub
Lemony Snicket,A Series of Unfortunate Events #4_ The M - Lemony Snicket.epub
Lemony Snicket,A Series of Unfortunate Events #3_ The W - Lemony Snicket.epub
Lemony Snicket,A Series of Unfortunate Events #9_ The C - Lemony Snicket.epub
Lemony Snicket,A Series of Unfortunate Events # 11_ The - Lemony Snicket.epub
P.C. Cast,P. C. Cast & Kristin Cast - House of Night Novellas 01 - Dragon's Oath.epub
P.C. Cast,Goddess of Spring - P. C. Cast.epub
P.C. Cast,P. C. Cast & Kristin Cast - House of Night 07 - Burned.epub
P.C. Cast,Divine Beginnings - PC Cast.epub
P.C. Cast,P. C. Cast & Kristin Cast - House of Night 02 - Betrayed.epub
P.C. Cast,P. C. Cast - Goddess Summoning 05 - Goddess of Love.epub
P.C. Cast,Elphame's Choice - P.C. Cast.epub
P.C. Cast,Divine by Blood - P.C. Cast.epub
P.C. Cast,P. C. Cast & Kristin Cast - House of Night 06 - Tempted.epub
P.C. Cast,P. C. Cast & Kristin Cast - House of Night 03 - Chosen.epub
P.C. Cast,Awakened - P. C. Cast.epub
P.C. Cast,P. C. Cast - Divine 01 - Goddess by Mistake.epub
P.C. Cast,P. C. Cast & Kristin Cast - House of Night 04 - Untamed.epub
P.C. Cast,P. C. Cast - Divine 02 - Divine by Choice.epub
P.C. Cast,#1 Goddess of the Sea - P.C. Cast.epub
P.C. Cast,#3 Goddess of Light - P.C. Cast.epub
P.C. Cast,#6 Warrior Rising - P.C. Cast.epub
P.C. Cast,P. C. Cast & Kristin Cast - House of Night 05 - Hunted.epub
P.C. Cast,Divine by Choice - PC Cast.epub
P.C. Cast,Divine by Mistake - PC Cast.epub
P.C. Cast,P. C. Cast & Kristin Cast - House of Night 01 - Marked.epub
P.C. Cast,Brighid's Quest - PC Cast.epub
P.C. Cast,P. C. Cast - Parthalon 02 - Brighid's Quest.epub
P.C. Cast,Goddess of Legend - P. C. Cast.epub
P.C. Cast,Eternal_ More Love Stories with Bite - Anthology - ed. P.C. Cast.epub
Ann Marie Macdonald,Fall on Your Knees - Ann-Marie Macdonald.epub
Robert Jordan,A crown of swords - Robert Jordan.epub
Robert Jordan,The fires of heaven - Robert Jordan.epub
Robert Jordan,The Gathering Storm - Robert Jordan.epub
Robert Jordan,Lord of chaos - Robert Jordan.epub
Robert Jordan,WOT 13 - Towers of Midnight.epub
Robert Jordan,To the Blight_ The Eye of the World - Robert Jordan.epub
Robert Jordan,The path of daggers - Robert Jordan.epub
Robert Jordan,The great hunt - Robert Jordan.epub
Robert Jordan,Crossroads of twilight - Robert Jordan.epub
Robert Jordan,The shadow rising - Robert Jordan.epub
Robert Jordan,The Dragon Reborn - Robert Jordan.epub
Robert Jordan,Winter's heart - Robert Jordan.epub
Robert Jordan,New Spring_ The Novel - Robert Jordan.epub
Robert Jordan,Knife of Dreams - Robert Jordan.epub
Dianne Sylvan,Dianne Sylvan - [Shadow World 01] - Queen of Shadows (epub).epub
Suzanne Collins,Hunger Games 03-Mockingjay - Suzanne Collins.epub
Suzanne Collins,Hunger Games 02 - Catching Fire - Suzanne Collins.epub
Suzanne Collins,Suzanne Collins - Underland Chronicles 01 - Gregor the Overlander.epub
Suzanne Collins,Hunger Games 01-The Hunger Games - Suzanne Collins.epub
Jodi Picoult,My Sister's Keeper - Picoult_ Jodi.epub
Jodi Picoult,Jodi Picoult - - Handle With Care.epub
Jodi Picoult,Plain Truth - Jodi Picoult.epub
Jodi Picoult,The Tenth Circle - Picoult_ Jodi.epub
Jodi Picoult,Keeping Faith - Picoult_ Jodi.epub
Jodi Picoult,House Rules - Picoult_ Jodi.epub
Jodi Picoult,Perfect Match - Picoult_ Jodi.epub
Jodi Picoult,The Pact - Picoult_ Jodi.epub
Jodi Picoult,Vanishing Acts - Picoult_ Jodi.epub
Jodi Picoult,Change of Heart - Picoult_ Jodi.epub
Jodi Picoult,Lone Wolf_ A Novel - Jodi Picoult.epub
Jodi Picoult,Plain Truth - Picoult_ Jodi.epub
Jodi Picoult,Salem Falls - Picoult_ Jodi.epub
Jodi Picoult,Nineteen Minutes - Picoult_ Jodi.epub
Timothy Hallinan,A Bangkok Thriller 01 A Nail Through the - Timothy Hallinan.epub
Timothy Hallinan,A Bangkok Thriller 02 The Fourth Watcher - Timothy Hallinan.epub
Timothy Hallinan,A Bangkok Thriller 03 Breathing Water - Timothy Hallinan.epub
Eleanor Brown,The Weird Sisters - Eleanor Brown.epub
Tahar Ben Jelloun,A Palace in the Old Village - Tahar Ben Jelloun.epub
Lisa Gardner,Gardner, Lisa - Hide.epub
Lisa Gardner,Alone - Lisa Gardner.epub
Lisa Gardner,gone - Lisa Gardner.epub
Lisa Gardner,The Killing Hour - Lisa Gardner.epub
Lisa Gardner,The Neighbor - Unknown.epub
Lisa Gardner,Love You More_ A Novel - Lisa Gardner.epub
Lisa Gardner,Lisa Gardner - [D D Warren 06] - Catch Me (epub).epub
Lisa Gardner,The Perfect Husband - Lisa Gardner.epub
Lisa Gardner,Live to Tell - Lisa Gardner.epub
Lisa Gardner,The Survivors Club by Lisa Gardener - The Survivors Club.epub
Lisa Gardner,Anthology - I_'d Kill For That.epub
John Grisham,John Grisham - The Rainmaker (v5) (epub).epub
John Grisham,John Grisham - The Broker (v5) (epub).epub
John Grisham,John Grisham - Bleachers (v5) (epub).epub
John Grisham,John Grisham - The Appeal (v5) (epub).epub
John Grisham,John Grisham - The Last Juror (v5) (epub).epub
John Grisham,John Grisham - The Associate (v5) (epub).epub
John Grisham,John Grisham - Ford County (v5) (epub).epub
John Grisham,John Grisham - The Brethren (v5) (epub).epub
John Grisham,John Grisham - The Confession (v5) (epub).epub
John Grisham,John Grisham - The Pelican Brief (v5) (epub).epub
John Grisham,John Grisham - Playing for Pizza (v5) (epub).epub
John Grisham,John Grisham - The Partner (v5.0) (epub).epub
John Grisham,John Grisham - Skipping Christmas (v5) (epub).epub
John Grisham,John Grisham - The Testament (v5) (epub).epub
John Grisham,John Grisham - The Summons (v5) (epub).epub
John Grisham,[Theodore Boone 02] - The Abduction - John Grisham.epub
John Grisham,John Grisham - The Innocent Man (v5) (epub).epub
John Grisham,John Grisham - The Street Lawyer (v5) (epub).epub
John Grisham,John Grisham - The Chamber (v5) (epub).epub
John Grisham,John Grisham - The Client (v5) (epub).epub
John Grisham,John Grisham - The King of Torts (v5) (epub).epub
John Grisham,John Grisham - The Firm (v5) (epub).epub
John Grisham,John Grisham - The Runaway Jury (v5) (epub).epub
John Grisham,John Grisham - A Painted House (v5) (epub).epub
John Grisham,John Grisham - A Time to Kill (v5) (epub).epub
The Iron Witch (6),The Iron Witch - Karen Mahoney.epub
Greg Bear,The Forge of God - Greg Bear.epub
Greg Bear,Legacy (Eon) - Greg Bear.epub
Greg Bear,Bear, Greg - SS - Heads.epub
Greg Bear,Bear, Greg - Songs of Earth & Power 1 - The Infinity Concerto.epub
Greg Bear,Heads - Greg Bear.epub
Greg Bear,Bear, Greg - Eon 1 - Eon.epub
Greg Bear,Bear, Greg - Darwin 1 - Darwin's Radio.epub
Greg Bear,Halo_ Cryptum - Greg Bear.epub
Greg Bear,The Way of All Ghosts - Greg Bear.epub
Greg Bear,Anvil of Stars - Greg Bear.epub
Greg Bear,The infinity concerto - Greg Bear.epub
Greg Bear,Bear, Greg - Darwin 2 - Darwin's Children.epub
Jenna Miscavige Hill,BEYOND BELIEF - Jenna Miscavige Hill.epub
Khaled Hosseini,The Kite Runner - Khaled Hosseini.epub
Tod Burpo,Heaven Is for Real_ A Little Boy's Astou - Todd Burpo.epub
Laura Bickle,Sparks.epub
Masques (45),Masques - Patricia Briggs.epub
Steal the Dragon (50),Steal the Dragon - Patricia Briggs.epub
River Marked (5),River Marked - Patricia Briggs.epub
Patricia Briggs,Patricia Briggs - Mercedes Thompson 06 - River Marked.epub
Rebecca Skloot,The Immortal Life of Henrietta Lacks - Rebecca Skloot.epub
Gav Thorpe,[Sundering 01] - Malekith - Gav Thorpe - (ebook by Undead).epub
Gav Thorpe,The Crown of the Blood - Gav Thorpe.epub
Gav Thorpe,WH40K - Gav Thorpe - Space Hulk The Novel.epub
Gav Thorpe,Warhammer 40K - [Path of the Eldar 01] - Path of the Warrior by Gav Thorpe (Undead) (v1.0).epub
Saul Friedlander,Nazi Germany and the Jews, 1933-1945_ Ab - Saul Friedlander.epub
Wendy McClure,The Wilder Life_ My Adventures in the Lo - Wendy McClure.epub
Becca Fitzpatrick,Hush, Hush - Becca Fitzpatrick.epub
Becca Fitzpatrick,Crescendo, Hush 2 - Becca Fitzpatrick.epub
Walter Isaacson,Steve Jobs - Walter Isaacson.epub
Rhoda Janzen,Mennonite in a Little Black Dress - Rhoda Janzen.epub
Rachel Neumeier,The City in the Lake - Rachel Neumeier.epub
Rachel Neumeier,Land of the Burning Sands_ The Griffin M - Neumeier_ Rachel.epub
Rachel Neumeier,Lord of the Changing Winds - Neumeier_ Rachel.epub
Rachel Neumeier,Neumeier, Rachel - Law Of the Broken Earth (2010).epub
The Final Judgment,The Final Judgment - Richard North Patterson.epub
Protect and Defend,Protect and Defend - Richard North Patterson.epub
ECLIPSE,Eclipse - Richard North Patterson.epub
The Race,The Race - Richard North Patterson.epub
The Spire,The Spire - Richard North Patterson.epub
Conviction,Conviction - Richard North Patterson.epub
Escape the Night,Escape the Night - Richard North Patterson.epub
Balance of Power,Balance of Power - Richard North Patterson.epub
Degree of Guilt,Degree of Guilt - Richard North Patterson.epub
NO SAFE PLACE,No Safe Place - Richard North Patterson.epub
Chloe Neill,Friday Night Bites - Chloe Neill.epub
Chloe Neill,Firespell.epub
Chloe Neill,Some Girls Bite - Chloe Neill.epub
Chloe Neill,Twice Bitten - Chloe Neill.epub
Chloe Neill,Hexbound - Chloe Neill.epub
Alex Archer,The Golden Elephant - Alex Archer.epub
Alex Archer,Restless Soul - Alex Archer.epub
Alex Archer,The Lost Scrolls - Alex Archer.epub
Alex Archer,Warrior Spirit - Alex Archer.epub
Alex Archer,Destiny - Alex Archer.epub
Alex Archer,The Soul Stealer - Alex Archer.epub
Alex Archer,Sacred Ground - Alex Archer.epub
Alex Archer,Alex Archer - Rogue Angel 33 - Cradle of Solitude.epub
Alex Archer,Sacrifice - Alex Archer.epub
Alex Archer,The Bone Conjurer - Alex Archer.epub
Alex Archer,Alex Archer - Rogue Angel 02 - Renaissance.epub
Alex Archer,Gabriel's Horn - Alex Archer.epub
Alex Archer,Phantom Prospect - Alex Archer.epub
Alex Archer,Alex Archer - Rogue Angel 29 - False Horizon.epub
Alex Archer,Seeker's Curse - Alex Archer.epub
Alex Archer,Paradox - Alex Archer.epub
Alex Archer,Swordsman's Legacy - Alex Archer.epub
Alex Archer,Alex Archer - Rogue Angel 01 - Renaissance.epub
Alex Archer,Alex Archer - Rogue Angel 34 - Labyrinth.epub
Alex Archer,Provenance - Alex Archer.epub
Alex Archer,Forbidden City - Alex Archer.epub
Alex Archer,Secret of the Slaves - Alex Archer.epub
Alex Archer,The Spider Stone - Alex Archer.epub
Alex Archer,God Of Thunder - Alex Archer.epub
Alex Archer,Polar Quest - Alex Archer.epub
Alex Archer,Eternal Journey - Alex Archer.epub
Alex Archer,Solomon's jar - Alex Archer.epub
Alex Archer,Footprints - Alex Archer.epub
Alex Archer,Alex Archer - Rogue Angel 03 - Renaissance.epub
Alex Archer,Alex Archer - Rogue Angel 32 - Oracle's Message, The.epub
Alex Archer,The Chosen - Alex Archer.epub
Alex Archer,Serpent's Kiss - Alex Archer.epub
Alex Archer,Tribal Ways - Alex Archer.epub
Alex Archer,Alex Archer - Rogue Angel 31 - Tear of the Gods.epub
Alex Archer,The Dragon's Mark - Alex Archer.epub
Alex Archer,Alex Archer - Rogue Angel 30 - Other Crowd, The.epub
Alex Archer,The Spirit Banner - Alex Archer.epub
Ray Kurzweil,Singularity Is Near_ When Humans Transcend Biology, The - Ray Kurzweil.epub
Yann Martel,Life of Pi - Yann Martel.epub
Deborah Sharp,Mama Sees Stars - Deborah Sharp.epub
Deborah Sharp,Mama Does Time - Deborah Sharp.epub
Deborah Sharp,Mama Gets Hitched - Deborah Sharp.epub
Deborah Sharp,Mama Rides Shotgun - Deborah Sharp.epub
Gabriel Garcia Marquez,Love in the Time of Cholera - Gabriel Garcia Marquez.epub
James Patterson,Alex Cross 07 - Violets Are Blue - James Patterson.epub
James Patterson,Alex Cross 01 - Along Came a Spider - James Patterson.epub
James Patterson,Alex Cross 16 - I, Alex Cross - James Patterson.epub
James Patterson,Alex Cross 04 - Cat & Mouse - James Patterson.epub
James Patterson,Alex Cross 08 - Four Blind Mice - James Patterson.epub
James Patterson,Alex Cross 02 - Kiss the Girls - James Patterson.epub
James Patterson,Alex Cross 10 - London Bridges - James Patterson.epub
James Patterson,Alex Cross 17 - Cross Fire - James Patterson.epub
James Patterson,Alex Cross 05 - Pop Goes the Weasel - James Patterson.epub
James Patterson,Alex Cross 03 - Jack & Jill - James Patterson.epub
James Patterson,Alex Cross 15 - Alex Cross's Trial - James Patterson.epub
James Patterson,Alex Cross 13 - Double Cross - James Patterson.epub
James Patterson,Alex Cross 12 - Cross - James Patterson.epub
James Patterson,Alex Cross 06 - Roses are Red - James Patterson.epub
James Patterson,Alex Cross 11 - Mary, Mary - James Patterson.epub
James Patterson,Alex Cross 18 - Kill Alex Cross - James Patterson.epub
James Patterson,Alex Cross 14 - Cross Country - James Patterson.epub
James Patterson,Alex Cross 09 - The Big Bad Wolf - James Patterson.epub
Simon R. Green,Deathstalker destiny_ being the fifth and last e life and times of Owen Deathstalker - Simon R. Green.epub
Simon R. Green,Unnatural Inquirer, The - Simon R. Green.epub
Simon R. Green,Blue Moon Rising - Simon R. Green.epub
Simon R. Green,Nightingale's lament - Simon R. Green.epub
Simon R. Green,Agents of Light and Darkness - Simon R. Green.epub
Simon R. Green,Hard Day's Knight, A - Simon R. Green.epub
Simon R. Green,Man with the Golden Torc, The - Simon R. Green.epub
Simon R. Green,Hex and the City - Simon R. Green.epub
Simon R. Green,From Hell With Love - Simon R. Green.epub
Simon R. Green,Good, the Bad, and the Uncanny, The - Simon R. Green.epub
Simon R. Green,Sharper Than a Serpent's Tooth - Simon R. Green.epub
Simon R. Green,Ghost of a Chance - Green, Simon.epub
Simon R. Green,Deathstalker Legacy - Simon R. Green.epub
Simon R. Green,Deathstalker Return - Simon R. Green.epub
Simon R. Green,Something from the Nightside - Simon R. Green.epub
Simon R. Green,Hell to Pay - Simon R. Green.epub
Simon R. Green,Just Another Judgement Day - Simon R. Green.epub
Simon R. Green,Paths not taken - Simon R. Green.epub
Simon R. Green,Daemons Are Forever - Simon R. Green.epub
Ann Patchett,Bel Canto - Ann Patchett.epub
Majorie M. Liu,Wild Light, A - Marjorie M. Liu.epub
Majorie M. Liu,Inked - Karen Chance & Marjorie M. Liu & Yasmine Galenorn & Eileen Wilks.epub
Majorie M. Liu,Darkness Calls - Marjorie M. Liu.epub
Majorie M. Liu,Iron Hunt, The - Marjorie M. Liu.epub
Majorie M. Liu,Anthology - Wild Thing - Maggie Shayne, Meljean Brook, Marjorie M Liu, Alyssa Day.epub
Peter V. Brett,The Great Bazaar and Other Stories - Peter V. Brett.epub
Peter V. Brett,The Desert Spear - Peter V. Brett.epub
Peter V. Brett,The painted man - Peter V. Brett.epub
Elizabeth Bear,Lucifugous - Elizabeth Bear.epub
Elizabeth Bear,Your Collar - Elizabeth Bear.epub
Elizabeth Bear,The Rest of Your Life in a Day - Elizabeth Bear.epub
Elizabeth Bear,The Company of Four - Elizabeth Bear.epub
Elizabeth Bear,The Ladies - Elizabeth Bear.epub
Elizabeth Bear,House of the Rising Sun - Elizabeth Bear.epub
Elizabeth Bear,One-eyed Jack and the Suicide King - Elizabeth Bear.epub
Elizabeth Bear,The Devil You Don't - Elizabeth Bear.epub
Elizabeth Bear,Sonny Liston Takes the Fall - Elizabeth Bear.epub
Elizabeth Bear,The cold Blacksmith - Elizabeth Bear.epub
Elizabeth Bear,Ice - Elizabeth Bear.epub
Karen Chance,Anthology - On The Prowl - Patricia Briggs, Eileen Wilks, Karen Chance, Sunny.epub
Karen Chance,Midnight's Daughter - Karen Chance.epub
Karen Chance,Inked - Karen Chance & Marjorie M. Liu & Yasmine Galenorn & Eileen Wilks.epub
Karen Chance,Claimed By Shadow - Karen Chance.epub
Karen Chance,Embrace the Night - Karen Chance.epub
Karen Chance,Curse the Dawn - Karen Chance.epub
Karen Chance,Touch the Dark - Karen Chance.epub
Karen Chance,Chance, Karen - Dorina Basarab, Dhamphir 02 - Death's Mistress (2010).epub
Melanie Jackson,Melanie Jackson - Chloe Boston 01 - Moving Violation.epub
Melanie Jackson,Melanie Jackson - Chloe Boston 03 - Death in a Turkey Town.epub
Melanie Jackson,Melanie Jackson - Chloe Boston 08 - Red, White & a Dog Named Blue.epub
Melanie Jackson,Melanie Jackson - Chloe Boston 05 - Cupid's Revenge.epub
Melanie Jackson,Melanie Jackson - Chloe Boston 06 - Viva Lost Vegas.epub
Melanie Jackson,Melanie Jackson - Chloe Boston 04 - Murder on Parade.epub
Melanie Jackson,Melanie Jackson - Chloe Boston 02 - The Pumpkin Thief.epub
Melanie Jackson,Melanie Jackson - Chloe Boston 09 - Haunted.epub
Melanie Jackson,Melanie Jackson - Chloe Boston 07 - Death of a Dumb Bunny.epub
Caitlin Kittredge,Demon Bound - Caitlin Kittredge (2).epub
Caitlin Kittredge,Daemon's Mark - Caitlin Kittredge.epub
Caitlin Kittredge,Anthology - Huntress - Christine Warren, Marjorie M Liu, Caitlin Kittredge, Jenna Maclaine.epub
Caitlin Kittredge,Shades of Gray - Jackie Kessler & Caitlin Kittredge.epub
Caitlin Kittredge,Black and White - Jackie Kessler & Caitlin Kittredge.epub
Caitlin Kittredge,Street Magic - Caitlin Kittredge.epub
Caitlin Kittredge,Bone Gods - Caitlin Kittredge.epub
Caitlin Kittredge,Pure Blood - Caitlin Kittredge.epub
Caitlin Kittredge,Second Skin - Caitlin Kittredge.epub
Caitlin Kittredge,Witch Craft - Caitlin Kittredge.epub
Caitlin Kittredge,Night Life - Caitlin Kittredge.epub
Alexander Mccall Smith,The No.1 Ladies' Detective Agency - Alexander Mccall Smith.epub
Brandon Sanderson,The Well of Ascension - Brandon Sanderson.epub
Brandon Sanderson,The Way of Kings - Brandon Sanderson.epub
Brandon Sanderson,Words of Radiance - Brandon Sanderson.epub
Brandon Sanderson,Mistborn_ The Final Empire - Brandon Sanderson.epub
Brandon Sanderson,The Hero of Ages - Brandon Sanderson.epub
Brandon Sanderson,Alcatraz versus the Scrivener's Bones - Brandon Sanderson.epub
Brandon Sanderson,Alcatraz versus the Knights of Crystalli - Brandon Sanderson.epub
Brandon Sanderson,Alcatraz versus the Evil Librarians - Brandon Sanderson.epub
Siren of the Waters 1,1 Siren of the Waters - Michael Genelin.epub
Dark Dreams 2,2 Dark Dreams - Michael Genelin.epub
Requiem for a Gypsy 4,4 Requiem for a Gypsy - Michael Genelin.epub
The Magician's Accomplice 3,3 The Magician's Accomplice - Michael Genelin.epub
Jeaniene Frost,One Foot in the Grave - Jeaniene Frost.epub
Jeaniene Frost,Under Her Skin - Jeaniene Frost_ Ilona Andrews_ Meljean B.epub
Jeaniene Frost,At Grave's End - Jeaniene Frost.epub
Jeaniene Frost,Unbound - Kim Harrison_ Melissa Marr_ Jeaniene Fro.epub
Jeaniene Frost,Haunted by Your Touch - Jeaniene Frost.epub
Jeaniene Frost,Halfway To The Grave - Jeaniene Frost.epub
Jeaniene Frost,Four Dukes and a Devil - Cathy Maxwell & Elaine Fox & Jeaniene Frost & Tracy Anne Warren & Sophia Na.epub
Jeaniene Frost,Destined for an Early Grave - Jeaniene Frost.epub
Jeaniene Frost,First Drop of Crimson - Jeaniene Frost.epub
Jeaniene Frost,Weddings From Hell - Maggie Shayne_ Jeaniene Frost_ Terri Gar.epub
Jeaniene Frost,Eternal Kiss of Darkness - Jeaniene Frost.epub
Barb & J.C. Hendee,Through Stone and Sea - Barb Hendee & J. C. Hendee.epub
Barb & J.C. Hendee,Blood Memories - Barb Hendee.epub
Barb & J.C. Hendee,Thief of Lives - Barb Hendee & J. C. Hendee.epub
Barb & J.C. Hendee,Traitor to the Blood - Barb.epub
Barb & J.C. Hendee,Rebel Fay - The Noble Dead 5 - Barb.epub
Barb & J.C. Hendee,Child of a Dead God - Barb.epub
Barb & J.C. Hendee,Hunting Memories - Barb Hendee.epub
Barb & J.C. Hendee,Dhampir - Barb Hendee & J. C. Hendee.epub
Barb & J.C. Hendee,Sister of the Dead - Barb Hendee & J. C. Hendee.epub
Barb & J.C. Hendee,In Shade & Shadow - Barb.epub
Mindhealer (35),Mindhealer - Lilith Saintcrow.epub
The Society (39),The Society - Lilith Saintcrow.epub
To Hell and Back (41),To Hell and Back - Lilith Saintcrow.epub
Jeanne DuPrau,City of Ember_ Book 1, The - Jeanne DuPrau.epub
Faith Hunter,Host - Faith Hunter.epub
Faith Hunter,Skinwalker - Faith Hunter.epub
Faith Hunter,Mercy Blade - Faith Hunter.epub
Faith Hunter,Bloodring - Faith Hunter.epub
Faith Hunter,Hunter, Faith - Jane Yellowrock 02 - Blood Cross (2010).epub
Faith Hunter,Seraphs - Faith Hunter.epub
Katia Leif,Here She Lies - Katia Lief.epub
Benedict Jacka,Benedict Jacka - [Alex Verus 03] - Taken (v5.0) (epub).epub
Benedict Jacka,Fated_ An Alex Verus Novel - Benedict Jacka.epub
Benedict Jacka,Benedict Jacka - [Alex Verus 02] - Cursed (v5.0) (epub).epub
Michael J. Sullivan,The Crown Conspiracy - Michael J. Sullivan.epub
Michael J. Sullivan,Avempartha - Michael J. Sullivan.epub
Michael J. Sullivan,Michael J Sullivan - [The Riyria Revelations 04] - The Emerald Storm [v5.0] [epub].epub
Stephen Hawking,The Theory of Everything_ The Origin and - Hawking_ Stephen.epub
Stephen Hawking,A Brief History of Time - Hawking_ Stephen.epub
Stephen Hawking,A Briefer History of Time - Hawking_ Stephen.epub
Paula Mclain,The Paris Wife_ A Novel - Paula Mclain.epub
William Goldman,The Princess Bride - William Goldman.epub
Jefferson Bass,Carved in Bone - Jefferson Bass.epub
Jefferson Bass,The Bone Thief - Jefferson Bass.epub
Jefferson Bass,Flesh and Bone - Jefferson Bass.epub
Jefferson Bass,The Devil's Bones - Jefferson Bass.epub
Jefferson Bass,The Bone Yard - Jefferson Bass.epub
Jefferson Bass,BF04 - Bones of Betrayal - Jefferson Bass.epub
Patrick Rothfuss,Patrick Rothfuss - [The Kingkiller Chronicle 02] - The Wise Man's Fear (v5.0) (epub).epub
Patrick Rothfuss,Patrick Rothfuss - [The Kingkiller Chronicle 01] - The Name of the Wind (v5.0) (epub) (1).epub
John Irving,The Cider House Rules - John Irving.epub
Jack Dann,Ghosts by Gaslight - Jack Dann.epub
Sandra Brown,Lethal - Sandra Brown.epub
Joe Hill,Horns - Hill, Joe.epub
Joe Hill,Heart-Shaped Box - Hill, Joe.epub
Joe Hill,20th Century Ghosts - Hill, Joe.epub
C. E. Murphy,C. E. Murphy - Negotiator Trilogy 03 - Hands of Flame.epub
C. E. Murphy,C. E. Murphy - Negotiator Trilogy 01 - Heart of Stone.epub
C. E. Murphy,C. E. Murphy - Negotiator Trilogy 02 - House of Cards.epub
Erik Larson,The Devil in the White City_ Murder, Mag - Erik Larson.epub
Mark Haddon,The Curious Incident of the Dog in the N - Mark Haddon.epub
Stephanie Laurens,2 - In Pursuit of Eliza Cynster - Stephanie Laurens.epub
Stephanie Laurens,1 - Viscount_Breckenridge_to_the_Rescue_-_Stephanie_Laurens.epub
Stephanie Laurens,3 - The Capture of the Earl of Glencrae - Stephanie Laurens.epub
Kathleen Grissom,The Kitchen House - Kathleen Grissom.epub
Lisa Genova,Left Neglected - Lisa Genova.epub
Richard Castle,Richard Castle - Nikki Heat 01 - Heat Wave.epub
Alice Sebold,The Lovely Bones - Alice Sebold.epub
Brent Weeks,The Way of Shadows - Brent Weeks.epub
Brent Weeks,Shadow's Edge - Brent Weeks.epub
Brent Weeks,Beyond the Shadows - Brent Weeks.epub
Brent Weeks,The Black Prism - Brent Weeks.epub
Elizabeth Strout,Olive Kitteridge - Elizabeth Strout.epub
Tina Fey,Bossypants - Tina Fey.epub
Mary Ann Shaffer,The Guernsey Literary and Potato Peel Pi - Mary Ann Shaffer.epub
Dan Abnett,WH40K - Dan Abnett - Ravenor Omnibus.epub
Dan Abnett,First and Only - Dan Abnett.epub
Dan Abnett,Border Princes - Dan Abnett.epub
Dan Abnett,WH40K - The Horus Heresy 07a - Dan Abnett & Graham McNeill - The Lightning Tower & The Dark King.epub
Dan Abnett,WH40K - The Horus Heresy 07 - Dan Abnett - Legion.epub
Dan Abnett,WH40K - Dan Abnett - Eisenhorn Omnibus.epub
Dan Abnett,WH40K - The Horus Heresy 01 - Dan Abnett - Horus Rising.epub
Dan Abnett,WH40K - The Horus Heresy 15 - Dan Abnett - Prospero Burns.epub
George RR Martin,Songs of Love and Death - George R. R. Martin.epub
George RR Martin,George R. R. Martin - Song of Ice and Fire 03 - Storm of Swords, A.epub
George RR Martin,George R. R. Martin - Song of Ice and Fire 02 - Clash of Kings, A.epub
George RR Martin,Martin, George RR - Ice and Fire Prequel 0.2 - The Sworn Sword.epub
George RR Martin,Martin, George RR - Ice and Fire 04.5 The Arms of the Kraken (Novella).epub
George RR Martin,George R. R. Martin - Song of Ice and Fire 01 - Game of Thrones, A.epub
George RR Martin,Martin, George RR - Ice and Fire Prequel 0.1 - The Hedge Knight.epub
George RR Martin,George R. R. Martin - Song of Ice and Fire 04 - Feast for Crows, A.epub
George RR Martin,George R. R. Martin - Song of Ice and Fire 05 - Dance With Dragons, A.epub
Standalone Novels,Windhaven - Martin, George RR.epub
B.V. Larson,Amber Magic Haven Series 1 - B. V. Larson.epub
B.V. Larson,MECH - B. V. Larson.epub
Ann Aguirre,Wanderlust - Ann Aguirre.epub
Ann Aguirre,Killbox - Ann Aguirre.epub
Ann Aguirre,Grimspace - Ann Aguirre.epub
Ann Aguirre,Blue Diablo - Ann Aguirre.epub
Ann Aguirre,Sirantha Jax 6 - Endgame.epub
Ann Aguirre,Sirantha Jax 5 - Aftermath.epub
Ann Aguirre,Razorland 2 - Outpost.epub
Ann Aguirre,Doubleblind - Ann Aguirre.epub
Ann Aguirre,Razorland 1 - Enclave.epub
Ann Aguirre,Hell Fire - Ann Aguirre.epub
Wally Lamb,Wishin' and Hopin' - Wally Lamb.epub
Wally Lamb,She's Come Undone - Wally Lamb.epub
Monika Fagerholm,The American Girl - Monika Fagerholm.epub
Neil Gaiman,American Gods - Neil Gaiman.epub
Neil Gaiman,Good Omens - Gaiman_ Neal.epub
Neil Gaiman,Stardust - Neil Gaiman.epub
Neil Gaiman,Anthology - Songs of Love and Death - Neil Gaiman, D Gabaldon, J Butcher, M Liu et al, .epub
Neil Gaiman,Fragile Things_ Short Fictions and Wonde - Neil Gaiman.epub
Neil Gaiman,Neverwhere - Gaiman_ Neil.epub
Neil Gaiman,Coraline - Neil Gaiman.epub
Neil Gaiman,Odd and the Frost Giants - Neil Gaiman.epub
Neil Gaiman,The graveyard book - Neil Gaiman.epub
Neil Gaiman,Good Omens_ The Nice and Accurate Prophe - Neil Gaiman.epub
Neil Gaiman,Anansi Boys - Neil Gaiman.epub
Neil Gaiman,Neverwhere_ A Novel - Neil Gaiman.epub
Neil Gaiman,Anansi Boys - Gaiman_ Neil.epub
Neil Gaiman,Stories_ All-New Tales - Neil Gaiman.epub
Neil Gaiman,Smoke and Mirrors_ Short Fictions and Il - Neil Gaiman.epub
Various,The Bridge - Banks, Iain.epub
Various,Canal Dreams - Banks, Iain.epub
Various,Whit - Banks, Iain.epub
Various,Against a Dark Background - Banks, Iain.epub
Various,A Song Of Stone - Banks, Iain.epub
Various,Feersum Endjiinn - Banks, Iain.epub
Various,The Algebraist - Banks, Iain.epub
Various,The Crow Road - Banks, Iain.epub
Various,The Wasp Factory - Banks, Iain.epub
Various,Complicity - Banks, Iain.epub
Various,The Business - Banks, Iain.epub
Various,Walking On Glass - Banks, Iain.epub
Culture,Culture 6 - Inversions - Banks, Iain.epub
Culture,Culture 7 - Look To Windward - Banks, Iain.epub
Culture,Culture 1 - Consider Phlebas - Banks, Iain.epub
Culture,Culture 3 - The State of The Art - Banks, Iain.epub
Culture,Culture 4 - Use of Weapons - Banks, Iain.epub
Culture,Culture 2 - The Player of Games - Banks, Iain.epub
Culture,Culture 5 - Excession - Banks, Iain.epub
Erin Morgenstern,The Night Circus - Erin Morgenstern.epub
Douglas Adams,Dirk Gently's Holistic Detective Agency_ - Douglas Adams.epub
Douglas Adams,The long dark tea-time of the soul - Douglas Adams.epub
Douglas Adams,Young Zaphod Plays it Safe - Douglas Adams.epub
Douglas Adams,The Hitchhiker's Guide to the Galaxy_ Th - Douglas Adams.epub
Douglas Adams,Mostly Harmless (Hitchhikers Guide 5) - Douglas Adams.epub
Douglas Adams,The Hitchhiker's Guide to the Galaxy_ Li - Douglas Adams.epub
Douglas Adams,The Hitchhiker's Guide to the Galaxy - Douglas Adams.epub
Douglas Adams,So Long, and Thanks for All the Fish (Hi - Douglas Adams.epub
Kit's Law - Donna Morrissey,Kit's Law - Donna Morrissey.epub
Downhill Chance,Downhill Chance - Donna Morrissey.epub
Sylvanus Now,Sylvanus Now - Donna Morrissey.epub
Rob Thurman,Nightlife - Rob Thurman.epub
Rob Thurman,Deathwish - Rob Thurman.epub
Rob Thurman,Roadkill - Rob Thurman.epub
Rob Thurman,Moonshine - Rob Thurman.epub
Rob Thurman,Trick of the Light - Rob Thurman.epub
Rob Thurman,Madhouse - Rob Thurman.epub
Rob Thurman,Thurman, Rob - Trickster 02 - the Grimrose Path (2010).epub
Jean Johnson,Jean Johnson - [Theirs Not to Reason Why 01] - A Soldier's Duty (epub).epub
Jean Johnson,Jean Johnson - [Theirs Not to Reason Why 02] - An Officer's Duty (v5.0) (epub).epub
Melanie Rawn,Sunrunner's fire - Melanie Rawn.epub
Melanie Rawn,Dragon Prince - Melanie Rawn.epub
Melanie Rawn,The Star Scroll - Melanie Rawn.epub
S J Watson,Before I Go to Sleep - S. J. Watson.epub
Tom Sharpe,Tom Sharpe - - Great Pursuit, The.epub
Tom Sharpe,Tom Sharpe - - Throwback, The.epub
Tom Sharpe,Tom Sharpe - Porterhouse Blue 02 - Grantchester Grind.epub
Tom Sharpe,Tom Sharpe - - Vintage Stuff.epub
Tom Sharpe,Tom Sharpe - Wilt 02 - Wilt Alternative, The.epub
Tom Sharpe,Tom Sharpe - - Indecent Exposure.epub
Tom Sharpe,Tom Sharpe - Wilt 04 - Wilt in Nowhere.epub
Tom Sharpe,Tom Sharpe - Wilt 01 - Wilt.epub
Tom Sharpe,Tom Sharpe - Wilt 03 - Wilt on High.epub
Tom Sharpe,Tom Sharpe - - Riotous Assembly.epub
Tom Sharpe,Tom Sharpe - - Blott on the Landscape.epub
Tom Sharpe,Tom Sharpe - - Midden.epub
Tom Sharpe,Tom Sharpe - Porterhouse Blue 01 - Porterhouse Blue.epub
Devon Monk,Devon Monk - Allie Beckstrom 02 - Magic in the Blood.epub
Devon Monk,Devon Monk - Allie Beckstrom 04 - Magic on the Storm.epub
Devon Monk,Devon Monk - Allie Beckstrom 05 - Magic at the Gate.epub
Devon Monk,Devon Monk - Allie Beckstrom 01 - Magic to the Bone.epub
Devon Monk,Devon Monk - Allie Beckstrom 03 - Magic in the Shadows.epub
Devon Monk,Magic at the Gate_ An Allie Beckstrom No - Devon Monk.epub
Shannon Butcher,Sentinal Wars 03 - Running Scared - Butcher_ Shannon K.epub
Shannon Butcher,Living Nightmare - Shannon K. Butcher.epub
Shannon Butcher,Burning Alive - Butcher_ Shannon K_.epub
Shannon Butcher,Sentinal Wars 02 - Finding the Lost - Butcher_ Shannon K_.epub
Bill Bryson,Neither here nor there_ travels in Europ - Bill Bryson.epub
Bill Bryson,I'm a stranger here myself_ notes on returning to America after twenty years away - Bill Bryson.epub
Bill Bryson,Seeing further_ the story of science & t - Bill Bryson.epub
Bill Bryson,Bill Bryson - Bill Bryson_s African Diary (v5.0).epub
Bill Bryson,A short history of nearly everything - Bill Bryson.epub
Bill Bryson,A walk in the woods_ rediscovering Ameri - Bill Bryson.epub
Bill Bryson,Bill Bryson - The Life and Times of the Thun_oir (v5.0).epub
Jonathan L. Howard,1 Johannes Cabal The Necromancer - Jonathan L. Howard.epub
Jonathan L. Howard,3 Johannes Cabal_ The Fear Institute - Jonathan L Howard.epub
Jonathan L. Howard,2 Johannes Cabal the Detective - Jonathan L. Howard.epub
Herbert Loma,The Year of the Hare - Arto Paasilinna; Pico Iyer; Herbert Loma.epub
Andrea Goldsmith,The Prosperous Thief - Andrea Goldsmith.epub
Rhys Bowen,Rhys Bowen - Molly Murphy 03 - For the Love of Mike.epub
Rhys Bowen,Rhys Bowen - Molly Murphy 06 - In Dublin's Fair City.epub
Rhys Bowen,Rhys Bowen - Molly Murphy 01 - Murphy's Law.epub
Rhys Bowen,Rhys Bowen - Molly Murphy 02 - Death of Riley.epub
Rhys Bowen,Rhys Bowen - Molly Murphy 04 - In Like Flynn.epub
Rhys Bowen,Rhys Bowen - Molly Murphy 07 - Tell Me, Pretty Maiden.epub
Rhys Bowen,Rhys Bowen - Molly Murphy 09 - Last Illusion, The.epub
Rhys Bowen,Rhys Bowen - Lady Victoria Georgiana Charlotte Eugenie 02 - Royal Pain, A.epub
Rhys Bowen,Rhys Bowen - Molly Murphy 05 - Oh Danny Boy.epub
Rhys Bowen,Rhys Bowen - Molly Murphy 08 - In a Gilded Cage.epub
Tom Franklin,Crooked Letter, Crooked Letter - Tom Franklin.epub
Nicholas Sparks,The Best of Me - Nicholas Sparks.epub
Eve Silver,Eve Silver - Otherkin 00 - Sin's Daughter.epub
Eve Silver,Eve Silver - Compact of Sorcerors 01 - Demon's Kiss.epub
Eve Silver,Eve Silver - Otherkin 02 - Sins of the Soul.epub
Eve Silver,Eve Silver - Otherkin 01 - Sins of the Heart.epub
Eve Silver,Eve Silver - Otherkin 03 - Sins of the Flesh.epub
Eve Silver,Eve Silver - Compact of Sorcerors 02 - Demon's Hunger.epub
Tea Obreht,The Tiger's Wife_ A Novel - Tea Obreht.epub
Megan Crewe,Way We Fall, The - Crewe, Megan.epub
Jacqueline Carey,Kushiel's Avatar - Jacqueline Carey.epub
Jacqueline Carey,Kushiel's Chosen - Jacqueline Carey.epub
Jacqueline Carey,Banewreaker - Jacqueline Carey.epub
Jacqueline Carey,Kushiel's Justice - Jacqueline Carey.epub
Jacqueline Carey,Naamah's Kiss - Jacqueline Carey.epub
Jacqueline Carey,Godslayer - Jacqueline Carey.epub
Jacqueline Carey,Santa Olivia - Jacqueline Carey.epub
Jacqueline Carey,Naamah's Curse - Carey_ Jacqueline.epub
Jacqueline Carey,Kushiel's Scion - Jacqueline Carey.epub
Jacqueline Carey,The Final Testament of the Holy Bible - James Frey.epub
Jacqueline Carey,Kushiel's Dart - Jacqueline Carey.epub
Jacqueline Carey,Kushiel's Mercy - Jacqueline Carey.epub
Robert Sawyer,Humans - Sawyer_ Robert J.epub
Robert Sawyer,Hybrids - Sawyer_ Robert J.epub
Robert Sawyer,Illegal Alien - Sawyer_ Robert J.epub
Robert Sawyer,Factoring Humanity - Sawyer_ Robert J.epub
Robert Sawyer,Frameshift - Sawyer_ Robert J.epub
Robert Sawyer,Terminal Experiment - Sawyer_ Robert J.epub
Robert Sawyer,WWW 3_ Wonder - Sawyer_ Robert J.epub
Robert Sawyer,WWW 1_ Wake - Sawyer_ Robert J.epub
Robert Sawyer,Starplex - Sawyer_ Robert J.epub
Robert Sawyer,Far-Seer - Sawyer_ Robert J.epub
Robert Sawyer,Rollback - Sawyer_ Robert J.epub
Robert Sawyer,WWW 2_ Watch - Sawyer_ Robert J.epub
Robert Sawyer,Fossil Hunter - Sawyer_ Robert J.epub
Robert Sawyer,Hominids - Sawyer_ Robert J.epub
Robert Sawyer,Mindscan - Sawyer_ Robert J.epub
Robert Sawyer,Flashforward - Sawyer_ Robert J.epub
Robert Sawyer,Calculating God - Sawyer_ Robert J.epub
Robert Sawyer,End of an Era - Sawyer_ Robert J.epub
Robert Sawyer,Identity Theft - Sawyer_ Robert J.epub
Robert Sawyer,Foreigner - Sawyer_ Robert J.epub
Henry H. Neff,The Hound of Rowan - Henry H. Neff.epub
Henry H. Neff,The Fiend and the Forge_ Book Three of T - Henry H. Neff; illustrated by Henry H. N.epub
Henry H. Neff,The Second Siege_ Book Two of The Tapest - Henry H. Neff.epub
